Season,Player,Salary,times_injured,WS,Pos,OWS,DWS,Age,FG,FGA,X3P,X3PA,X2P,X2PA,FT,FTA,ORB,DRB,TRB,AST,STL,BLK,TOV,PF,PTS
2022,Aaron Gordon,19690909,26,5.2,PF,3.2,2,26,5.8,11.1,1.2,3.5,4.6,7.7,2.3,3.1,1.7,4.2,5.9,2.5,0.6,0.6,1.8,2,15
2022,Al Horford,26500000,47,7.6,C,3.7,3.8,35,3.9,8.2,1.3,3.8,2.6,4.4,1.2,1.4,1.6,6.1,7.7,3.4,0.7,1.3,0.9,1.9,10.2
2022,Alec Burks,10012800,19,6.1,SG,3.2,2.9,30,3.5,9,1.9,4.8,1.6,4.2,2.7,3.3,0.6,4.3,4.9,3,1,0.3,1.1,2.7,11.7
2022,Alex Caruso,9030000,11,2,SG,0.7,1.2,27,2.5,6.2,1,3.1,1.5,3.2,1.4,1.8,0.8,2.8,3.6,4,1.7,0.4,1.4,2.6,7.4
2022,Alex Len,3918600,36,0.9,C,0.4,0.5,28,2.4,4.5,0.2,0.5,2.3,4,1.1,1.6,1.3,2.8,4.1,1.2,0.3,0.6,1.1,2.6,6
2022,Amir Coffey,3395062,1,3.8,SG,2.3,1.5,24,3.1,6.8,1.4,3.7,1.7,3.1,1.5,1.7,0.4,2.5,2.9,1.8,0.6,0.2,0.7,1.3,9
2022,Andre Drummond,3200000,12,5.1,C,2,3.1,28,3.4,5.9,0,0,3.4,5.9,1.2,2.2,3.1,6.2,9.3,1.8,1.1,0.9,1.6,2.6,7.9
2022,Andre Iguodala,1836090,58,1.6,SF,0.5,1.1,38,1.5,3.9,0.5,2.4,0.9,1.5,0.5,0.6,0.7,2.5,3.2,3.7,0.9,0.7,0.9,1.1,4
2022,Andrew Wiggins,33616770,12,5.1,SF,1.8,3.4,26,6.5,14,2.2,5.5,4.4,8.5,2,3.2,1.2,3.3,4.5,2.2,1,0.7,1.5,2.2,17.2
2022,Anfernee Simons,22321429,2,1.9,SG,2,-0.1,22,6.2,14,3.1,7.8,3.1,6.2,1.8,2,0.5,2.2,2.6,3.9,0.5,0.1,2,1.9,17.3
2022,Anthony Davis,37980720,71,4.5,C,2.6,2,28,9.3,17.4,0.3,1.8,8.9,15.6,4.4,6.1,2.7,7.2,9.9,3.1,1.2,2.3,2.1,2.4,23.2
2022,Austin Rivers,1836090,30,1.2,SG,0.1,1.1,29,2.2,5.2,1.2,3.4,1,1.8,0.5,0.7,0.3,1.4,1.7,1.3,0.8,0.1,0.8,1.8,6
2022,Bam Adebayo,30351780,5,7.2,C,3.6,3.5,24,7.3,13,0,0.1,7.3,12.9,4.6,6.1,2.4,7.6,10.1,3.4,1.4,0.8,2.6,3.1,19.1
2023,Ben Simmons,35448672,14,0.7,PG,0.3,0.4,26,3.5,5.9,0,0.1,3.5,5.8,0.9,1.8,1,5.8,6.8,5.7,1,0.5,2.3,3.8,7.9
2022,Bismack Biyombo,1836090,12,1.8,C,0.9,0.9,29,2.4,4,0,0,2.4,4,1.1,2,1.8,2.9,4.6,0.6,0.3,0.7,0.7,1.9,5.8
2022,Blake Griffin,1836090,42,2.1,C,1.2,0.9,32,2.4,5.6,0.7,2.6,1.7,3,1,1.4,1.1,3,4.1,1.9,0.5,0.3,0.6,1.7,6.4
2022,Bobby Portis,10843350,5,5.5,C,2.9,2.6,26,5.8,12.1,1.8,4.7,3.9,7.4,1.2,1.6,2.5,6.6,9.1,1.2,0.7,0.7,1.3,2.4,14.6
2022,Bol Bol,2200000,2,0.1,PF,0,0.1,22,1.1,1.9,0.1,0.3,1,1.6,0.1,0.4,0.3,1.1,1.4,0.4,0.1,0.1,0.3,0.3,2.4
2022,Bradley Beal,43279250,37,1.4,SG,0.6,0.7,28,8.7,19.3,1.6,5.3,7.1,14,4.2,5.1,1,3.8,4.7,6.6,0.9,0.4,3.4,2.4,23.2
2022,Brandon Clarke,4343920,8,6.3,PF,4.4,1.9,25,4.5,7,0.1,0.3,4.4,6.6,1.3,2,2.1,3.2,5.3,1.3,0.6,1.1,0.5,1.9,10.4
2022,Brandon Ingram,31650600,14,3.9,SF,2.5,1.3,24,8.2,17.9,1.3,4.1,6.9,13.8,4.8,5.9,0.6,5.2,5.8,5.6,0.6,0.5,2.7,2.2,22.7
2022,Brook Lopez,13906976,39,0.7,C,0.3,0.3,33,4.7,10.1,1.5,4.1,3.2,6,1.5,1.8,1.5,2.6,4.1,0.5,0.6,1.2,0.9,2.6,12.4
2022,Bruce Brown,6479000,7,4.8,SF,2.8,2,25,3.6,7,0.5,1.3,3,5.7,1.3,1.8,1.4,3.4,4.8,2.1,1.1,0.7,0.8,2.4,9
2022,Bruno Fernando,2717391,3,0.4,C,0.2,0.2,23,1.2,1.8,0,0.1,1.2,1.8,0.5,0.8,0.6,1.2,1.8,0.2,0,0.4,0.5,0.8,2.9
2022,Bryn Forbes,1836090,16,1.4,SG,0.8,0.6,28,3.1,7.2,1.6,3.9,1.5,3.3,1.1,1.2,0.1,1.1,1.2,1,0.3,0.1,0.7,1.3,8.8
2022,Buddy Hield,21177750,1,1.9,SG,0.8,1.1,29,5.5,13.6,3.2,8.8,2.3,4.7,1.4,1.6,0.8,3.5,4.4,2.8,0.9,0.3,1.9,2.3,15.6
2022,Cam Reddish,5954454,6,1,SF,0.2,0.8,22,3.4,8.3,1.3,3.8,2,4.6,2.1,2.3,0.5,1.6,2.1,1,1,0.3,1.2,1.2,10.1
2022,Cameron Johnson,5887899,5,5.6,PF,3.2,2.4,25,4.2,9.2,2.5,5.9,1.7,3.3,1.5,1.7,0.6,3.5,4.1,1.5,0.9,0.2,0.7,1.7,12.5
2022,Cameron Payne,6000000,16,1.9,PG,0.2,1.8,27,4.1,10.1,1.2,3.6,2.9,6.5,1.3,1.5,0.4,2.6,3,4.9,0.7,0.3,1.8,2.1,10.8
2022,Caris LeVert,18796296,17,2.2,SG,1.2,1,27,6.5,14.7,1.4,4.4,5.1,10.3,2.5,3.3,0.7,2.9,3.7,4.3,0.9,0.4,1.9,2.3,17
2022,Cedi Osman,7426088,5,2.9,SF,1.3,1.6,26,3.7,8.7,1.9,5.4,1.8,3.2,1.3,2,0.4,1.8,2.2,2,0.8,0.2,1,1.9,10.7
2022,Chimezie Metu,1910860,1,1.5,C,0.1,1.4,24,3.4,7.5,1,3.1,2.4,4.4,1.2,1.5,0.6,5,5.6,1,0.9,0.5,1,1.6,8.9
2022,Chris Boucher,12690000,15,6,SF,3.5,2.4,29,3.4,7.2,0.9,2.9,2.5,4.4,1.9,2.4,2.2,3.9,6.2,0.3,0.6,0.9,0.5,2.2,9.4
2022,Chris Paul,28400000,56,9.4,PG,5.8,3.6,36,5.6,11.3,1,3.1,4.6,8.3,2.6,3.1,0.3,4,4.4,10.8,1.9,0.3,2.4,2.1,14.7
2022,Christian Wood,14317459,13,4.9,C,2.9,2,26,6.5,12.9,1.9,4.9,4.5,8,3,4.9,1.6,8.5,10.1,2.3,0.8,1,1.9,2.5,17.9
2022,Clint Capela,18706896,27,8.3,C,5.6,2.7,27,5,8.2,0,0,5,8.1,1.1,2.3,3.8,8.1,11.9,1.2,0.7,1.3,0.6,2.2,11.1
2022,Cody Martin,7000000,2,3.9,SF,2.4,1.5,26,2.9,6,0.9,2.2,2,3.7,1.1,1.5,1.2,2.9,4,2.5,1.2,0.5,0.9,1.6,7.7
2022,Cory Joseph,5155500,11,2.5,PG,1.7,0.8,30,2.7,6.2,1,2.4,1.7,3.7,1.5,1.7,0.4,2.2,2.7,3.6,0.6,0.3,1.3,2.3,8
2022,D'Angelo Russell,31377750,21,4.4,PG,2.9,1.5,25,6.2,15,2.7,8,3.5,7,3,3.7,0.4,2.9,3.3,7.1,1,0.3,2.5,2,18.1
2022,D.J. Wilson,250000,14,0.4,PF,0.2,0.1,25,2.8,3.8,0,0.5,2.8,3.3,2,2.5,0.3,3.8,4,1.3,1.3,0.3,0.5,1.5,7.5
2022,Damian Jones,2298385,17,3.3,C,2.4,0.9,26,3.1,4.8,0.2,0.5,2.9,4.2,1.7,2.3,1.3,3.1,4.4,1.2,0.5,0.8,1.1,2.3,8.1
2022,Damian Lillard,42492492,13,1.7,PG,1.7,0.1,31,7.7,19,3.2,9.8,4.5,9.2,5.5,6.2,0.4,3.7,4.1,7.3,0.6,0.4,2.9,1.3,24
2022,Damion Lee,1836090,3,2.7,SG,0.9,1.8,29,2.7,6.1,1,3,1.7,3.1,1,1.2,0.4,2.8,3.2,1,0.6,0.1,0.6,1.5,7.4
2022,Daniel Gafford,1930681,3,6,C,4.4,1.6,23,4,5.7,0,0,4,5.7,1.5,2.1,2.2,3.5,5.7,0.9,0.4,1.4,0.9,2.4,9.4
2022,Daniel Theis,8694369,13,1.9,C,0.9,1,29,3.2,6.2,0.7,2.3,2.5,3.9,1,1.5,1.3,3.6,4.9,0.9,0.4,0.7,1,2.4,8.2
2022,Danilo Gallinari,16907880,74,3.6,PF,2.8,0.8,33,3.9,9,1.7,4.5,2.2,4.6,2.1,2.4,0.5,4.1,4.7,1.5,0.4,0.2,0.6,1.4,11.7
2022,Danny Green,10000000,31,1.9,SF,0.3,1.6,34,2,5.2,1.7,4.4,0.4,0.8,0.2,0.2,0.5,2,2.5,1,1,0.6,0.7,1.7,5.9
2022,Darius Bazley,4264629,2,1.8,PF,-0.5,2.2,21,4,9.4,1.2,3.9,2.8,5.5,1.7,2.5,1,5.3,6.3,1.4,0.8,1,1.3,1,10.8
2022,Darius Garland,8920795,1,6.3,PG,3.8,2.5,22,8,17.3,2.6,6.7,5.4,10.6,3.2,3.5,0.6,2.7,3.3,8.6,1.3,0.1,3.6,1.7,21.7
2022,David Nwaba,5022000,10,1.3,SF,0.8,0.5,29,1.8,3.8,0.3,1.1,1.5,2.8,1,1.5,0.9,2.4,3.3,0.8,0.6,0.4,0.5,1.2,5.1
2022,Davon Reed,1902133,5,1.6,SG,0.9,0.7,26,1.7,3.4,0.8,1.8,0.9,1.6,0.2,0.3,0.3,2,2.3,1.1,0.5,0.2,0.3,1.3,4.4
2022,De'Aaron Fox,30351780,12,2.5,PG,1.5,1,24,8.7,18.5,1.3,4.2,7.5,14.3,4.4,5.9,0.4,3.5,3.9,5.6,1.2,0.4,2.8,2.9,23.2
2022,De'Andre Hunter,9835881,4,1.1,SF,0.4,0.7,24,4.8,10.8,1.4,3.7,3.4,7.2,2.4,3.1,0.5,2.8,3.3,1.3,0.7,0.4,1.3,2.9,13.4
2022,De'Anthony Melton,8250000,8,3.7,SG,0.9,2.8,23,3.8,9.5,1.9,5.1,1.9,4.4,1.2,1.6,0.9,3.6,4.5,2.7,1.4,0.5,1.5,1.8,10.8
2022,Dean Wade,1930681,2,2.3,PF,1.1,1.1,25,1.9,4.3,1,2.8,0.9,1.5,0.4,0.6,0.6,2.3,2.9,1,0.6,0.1,0.3,1.7,5.3
2022,Deandre Ayton,30913750,8,7.3,C,4.1,3.1,23,7.6,12,0.1,0.3,7.5,11.7,1.8,2.4,2.6,7.7,10.2,1.4,0.7,0.7,1.6,2.4,17.2
2022,DeAndre Jordan,9663997,13,1.9,C,0.9,1,33,1.9,3,0,0,1.9,3,0.5,0.8,1.7,3.8,5.5,0.4,0.3,0.7,0.8,1.5,4.3
2022,Dejounte Murray,16571120,14,7.3,PG,3.9,3.4,25,8.4,18.3,1.4,4.3,7,13.9,2.9,3.6,1.2,7.1,8.3,9.2,2,0.3,2.6,2,21.1
2022,Delon Wright,7804878,20,3.6,SG,2.2,1.5,29,1.6,3.5,0.6,1.5,1,2,0.7,0.8,0.6,2.2,2.9,2.4,1.2,0.2,0.6,0.7,4.4
2022,DeMar DeRozan,27300000,21,8.8,PF,7,1.8,32,10.2,20.2,0.7,1.9,9.5,18.3,6.8,7.8,0.7,4.4,5.2,4.9,0.9,0.3,2.4,2.3,27.9
2022,Dennis Smith Jr.,1836090,19,0.4,PG,-0.1,0.5,24,2.1,5.1,0.2,0.7,2,4.4,1.1,1.7,0.5,1.8,2.4,3.6,1.2,0.3,1.4,1.4,5.6
2022,Derrick Favors,10183800,43,1.4,C,0.8,0.7,30,2.4,4.7,0.1,0.4,2.4,4.3,0.4,0.6,1.5,3.2,4.7,0.6,0.4,0.3,0.2,1.6,5.3
2022,Derrick Jones Jr.,3200000,21,2.2,PF,1.4,0.8,24,2.1,3.8,0.4,1.2,1.7,2.6,1.1,1.4,1.2,2.1,3.3,0.6,0.5,0.6,0.6,2.1,5.6
2022,Derrick Rose,14520730,85,1.4,PG,0.8,0.7,33,4.7,10.5,1.4,3.5,3.3,7,1.2,1.2,0.8,2.2,3,4,0.8,0.5,1.5,0.6,12
2022,Derrick White,16892857,14,5.1,SG,2.8,2.3,27,4.5,10.7,1.5,4.9,3,5.7,2.7,3.1,0.5,3,3.5,4.9,0.9,0.8,1.6,2.3,13.2
2022,Devin Booker,33833400,22,7.6,SG,4.3,3.3,25,9.7,20.9,2.7,7,7,13.9,4.6,5.3,0.7,4.4,5,4.8,1.1,0.4,2.4,2.6,26.8
2022,Devonte' Graham,11550000,6,2.8,PG,1.6,1.2,26,3.9,10.7,2.5,7.4,1.4,3.3,1.6,1.8,0.5,1.8,2.3,4.2,0.9,0.2,1.4,1.3,11.9
2022,Dewayne Dedmon,7566667,21,3.5,C,1.5,2,32,2.4,4.3,0.3,0.7,2.2,3.6,1.1,1.5,1.6,4.2,5.8,0.7,0.4,0.6,1,2.6,6.3
2022,Dillon Brooks,11400000,4,1.6,SF,0.7,0.9,26,7.1,16.4,1.4,4.7,5.7,11.8,2.8,3.3,0.9,2.3,3.2,2.8,1.1,0.3,1.6,3.3,18.4
2022,Donovan Mitchell,30351780,12,7.2,SG,4.7,2.5,25,9.2,20.5,3.5,9.8,5.7,10.8,4,4.7,0.8,3.4,4.2,5.3,1.5,0.2,3,2.4,25.9
2022,Donte DiVincenzo,4500000,9,0.7,SG,-0.1,0.9,25,2.8,8,1.8,5.2,1,2.8,1.7,2,1,3.1,4,2.8,1.1,0.2,1.7,1.6,9
2022,Dorian Finney-Smith,12402000,10,6.6,PF,3.4,3.2,28,4.1,8.7,2.2,5.4,1.9,3.2,0.7,1,1.5,3.2,4.7,1.9,1.1,0.5,1,2.3,11
2022,Doug McDermott,13750000,15,1.6,PF,1.1,0.5,30,4.2,9.1,2.1,5,2.1,4.1,0.8,1,0.4,1.9,2.3,1.3,0.3,0.1,0.8,1.5,11.3
2022,Draymond Green,25806468,38,3.6,PF,0.8,2.8,31,2.9,5.6,0.3,1.2,2.6,4.4,1.3,2,1,6.3,7.3,7,1.3,1.1,3,3,7.5
2022,Dwight Powell,11080125,16,8.2,C,6,2.2,30,3.3,4.9,0.2,0.5,3.1,4.4,2,2.6,2.1,2.8,4.9,1.2,0.5,0.5,0.8,2.7,8.7
2022,Dylan Windler,4037278,1,0.8,SF,0.2,0.6,25,0.7,2,0.4,1.4,0.3,0.6,0.3,0.4,0.4,1.4,1.8,0.7,0.3,0.1,0.3,0.9,2.2
2023,Edmond Sumner,1968175,10,0.3,SG,0.1,0.3,27,2.6,6,0.7,2.4,1.9,3.6,2.1,2.2,0.3,1.4,1.6,1.4,1,0.3,1.3,1.4,8
2022,Eric Bledsoe,1300000,28,1.3,PG,-0.5,1.8,32,3.6,8.7,0.9,3,2.7,5.6,1.6,2.2,0.5,2.9,3.4,4.2,1.3,0.4,2.1,1.6,9.9
2022,Eric Gordon,19568360,97,1.4,SG,1.5,-0.1,33,4.7,9.9,2.2,5.3,2.5,4.6,1.8,2.4,0.3,1.7,2,2.7,0.5,0.3,1.9,1.1,13.4
2022,Evan Fournier,18000000,16,3.7,SG,1.5,2.2,29,5,12.1,3,7.7,2,4.3,1,1.4,0.4,2.2,2.6,2.1,1,0.3,1.3,2.3,14.1
2022,Frank Kaminsky,1836090,9,0.9,C,0.5,0.3,28,4,7.3,0.6,1.7,3.4,5.7,2,2.2,1.2,3.3,4.6,1.4,0.9,0.8,0.6,1.6,10.6
2022,Frank Ntilikina,2036318,13,0.9,SG,0.1,0.9,23,1.5,3.8,0.7,1.9,0.9,1.9,0.4,0.4,0.2,1.2,1.4,1.2,0.5,0.1,0.5,1.1,4.1
2022,Fred VanVleet,21250000,17,6.7,PG,3.9,2.8,27,6.8,16.9,3.7,9.9,3.1,7,3,3.4,0.7,3.8,4.4,6.7,1.7,0.5,2.6,2.5,20.3
2022,Furkan Korkmaz,5000000,9,1.2,SG,0.1,1.1,24,2.7,7,1.1,4,1.6,3,1,1.3,0.3,2.3,2.6,1.9,0.5,0.1,0.7,0.9,7.6
2022,Gabe Vincent,1815677,9,2.5,PG,0.7,1.9,25,3.1,7.5,1.8,4.8,1.4,2.8,0.6,0.8,0.3,1.5,1.9,3.1,0.9,0.2,1.4,2.3,8.7
2022,Garrett Temple,5155500,20,0.8,SG,-0.1,1,35,1.9,5,1,3.1,0.9,1.9,0.5,0.7,0.5,1.9,2.4,1.3,0.7,0.4,0.7,1.4,5.2
2022,Garrison Mathews,2000000,1,2.8,SG,2.2,0.5,25,2.8,7.1,2.1,5.9,0.7,1.2,2.2,2.8,0.5,2.4,2.9,1,0.9,0.4,0.6,2.6,10
2022,Gary Harris,13000000,27,2.2,SG,1.1,1,27,3.9,9.1,1.9,5,2,4.1,1.4,1.6,0.6,1.4,2,1.8,1,0.1,1,1.8,11.1
2022,Gary Payton II,8300000,5,5.2,SG,2.5,2.6,29,3,4.8,0.6,1.7,2.4,3.2,0.5,0.8,1,2.5,3.5,0.9,1.4,0.3,0.6,1.8,7.1
2022,Gary Trent Jr.,17505000,16,5.6,SG,3.1,2.5,23,6.4,15.5,3,7.8,3.4,7.7,2.5,2.9,0.4,2.4,2.7,2,1.7,0.3,1,2.1,18.3
2022,George Hill,4000000,65,2.3,PG,1.3,1,35,2.2,5.1,0.8,2.5,1.4,2.6,1.1,1.1,0.7,2.2,2.9,2.2,0.8,0.1,0.8,1.3,6.2
2022,Georges Niang,3465000,11,2.8,PF,1.5,1.3,28,3.2,7.4,2.1,5.1,1.2,2.3,0.7,0.8,0.3,2.3,2.7,1.3,0.4,0.2,0.8,2.5,9.2
2022,Giannis Antetokounmpo,42492492,25,12.9,PF,9.2,3.7,27,10.3,18.6,1.1,3.6,9.2,15,8.3,11.4,2,9.6,11.6,5.8,1.1,1.4,3.3,3.2,29.9
2022,Goga Bitadze,4765339,4,1.9,C,1.3,0.6,22,2.6,5,0.5,1.6,2.2,3.4,1.3,1.9,1.6,2,3.5,1.1,0.4,0.8,0.9,2.1,7
2022,Gordon Hayward,30075000,42,2.8,SF,1.9,1,31,5.8,12.6,1.8,4.5,4,8.1,2.6,3,0.8,3.8,4.6,3.6,1,0.4,1.7,1.7,15.9
2022,Gorgui Dieng,1836090,4,1.2,C,0.8,0.4,32,1.2,2.5,0.7,1.5,0.5,1,0.4,0.6,0.7,2,2.8,0.8,0.3,0.3,0.5,1.2,3.5
2022,Grayson Allen,8500000,7,4.2,SG,2.8,1.4,26,3.9,8.6,2.4,5.9,1.5,2.7,1,1.1,0.5,2.9,3.4,1.5,0.7,0.3,0.7,1.5,11.1
2022,Hamidou Diallo,5200000,9,2.1,SG,0.6,1.5,23,4.5,9.1,0.4,1.6,4.1,7.5,1.6,2.4,1.2,3.6,4.8,1.3,1.2,0.3,1,2.5,11
2022,Harrison Barnes,18352273,12,6,PF,5,1,29,5.1,10.8,1.8,4.7,3.2,6.2,4.4,5.4,1.1,4.5,5.6,2.4,0.7,0.2,1.5,1.2,16.4
2022,Isaiah Hartenstein,7804879,10,5.5,C,3.3,2.2,23,3.4,5.4,0.2,0.4,3.2,4.9,1.3,1.9,1.7,3.2,4.9,2.4,0.7,1.1,1.2,2.5,8.3
2022,Isaiah Roby,1930681,4,2.9,PF,1.8,1.1,23,3.7,7.2,1,2.2,2.7,5,1.7,2.6,1.7,3.2,4.8,1.6,0.8,0.8,1,2.4,10.1
2022,Ish Smith,4725000,15,0.5,PG,-0.3,0.9,33,2.8,6.6,0.4,1,2.5,5.6,0.2,0.4,0.4,1.8,2.2,3.8,0.7,0.4,1.2,1.2,6.3
2022,Ivica Zubac,10123457,17,7.2,C,4.3,2.9,24,4.1,6.5,0,0,4.1,6.5,2.2,3,2.9,5.6,8.5,1.6,0.5,1,1.5,2.7,10.3
2022,Ja Morant,12119440,4,6.7,PG,4.6,2.1,22,10.2,20.6,1.5,4.5,8.6,16.2,5.5,7.3,1.4,4.4,5.7,6.7,1.2,0.4,3.4,1.5,27.4
2022,Jae Crowder,10183800,17,4.3,PF,0.9,3.4,31,3.2,8.1,1.9,5.4,1.3,2.7,1.1,1.3,0.4,4.8,5.3,1.9,1.4,0.4,0.8,2.6,9.4
2022,Jakob Poeltl,9398148,4,6.9,C,4.4,2.5,26,6,9.8,0,0,6,9.7,1.4,2.8,3.9,5.5,9.3,2.8,0.7,1.7,1.6,3.1,13.5
2022,Jalen Brunson,27733332,2,7.5,SG,4.9,2.7,25,6.4,12.8,1.2,3.2,5.2,9.6,2.3,2.7,0.5,3.4,3.9,4.8,0.8,0,1.6,1.9,16.3
2023,Jamal Murray,31650600,6,0.2,PG,0,0.2,25,6.5,15.2,1.7,4.8,4.8,10.5,1.8,2.3,0.6,3.3,3.9,4.5,1,0.1,2.2,0.8,16.5
2022,James Harden,33000000,26,7.6,PG,4.9,2.7,32,6.3,15.3,2.3,6.9,4,8.4,7.2,8.2,0.8,6.8,7.7,10.3,1.3,0.6,4.4,2.4,22
2022,James Johnson,1836090,32,1.7,PF,0.6,1.1,34,2.3,5,0.4,1.4,2,3.6,0.5,0.9,0.8,2.6,3.5,2.1,0.5,0.5,0.8,2.6,5.5
2022,JaMychal Green,10036090,19,2.7,PF,1.2,1.4,31,2.4,4.9,0.5,1.9,1.9,3,1.2,1.4,1.2,3,4.2,0.9,0.6,0.4,0.9,2.4,6.4
2022,Jaren Jackson Jr.,28946605,7,5.4,PF,1.7,3.7,22,5.5,13.3,1.6,5.1,3.9,8.1,3.6,4.4,1.5,4.3,5.8,1.1,0.9,2.3,1.7,3.5,16.3
2022,Jarred Vanderbilt,4374000,2,6,PF,3.1,2.9,22,2.9,4.9,0,0.2,2.8,4.7,1.2,1.8,2.9,5.5,8.4,1.3,1.3,0.6,1,2.4,6.9
2022,Jarrett Allen,20000000,5,8.5,C,5.4,3,23,6.6,9.7,0,0.2,6.6,9.6,2.9,4.2,3.4,7.3,10.8,1.6,0.8,1.3,1.7,1.7,16.1
2022,JaVale McGee,5461219,21,4.9,C,2.4,2.6,34,3.9,6.2,0,0.1,3.9,6.1,1.4,2,2.2,4.5,6.7,0.6,0.3,1.1,1.3,2.4,9.2
2022,Javonte Green,1815677,3,4.4,SF,2.9,1.5,28,2.7,5,0.6,1.6,2.2,3.4,1.2,1.5,1.4,2.8,4.2,0.9,1,0.5,0.5,2,7.2
2022,Jaylen Brown,28741071,21,5.8,SF,2.3,3.4,25,8.7,18.4,2.5,7,6.2,11.4,3.7,4.8,0.8,5.3,6.1,3.5,1.1,0.3,2.7,2.5,23.6
2022,Jaylen Nowell,1930681,1,2.8,SG,2.1,0.7,22,3.2,6.7,1,2.6,2.1,4.1,1.2,1.5,0.4,1.6,2,2.1,0.4,0.2,0.6,1.2,8.5
2022,Jayson Tatum,30351780,8,9.6,SF,5,4.6,23,9.3,20.6,3,8.6,6.3,12,5.3,6.2,1.1,6.9,8,4.4,1,0.6,2.9,2.3,26.9
2022,Jeff Green,4500000,12,3.9,PF,2.7,1.2,35,3.7,7.1,0.7,2.2,3,4.8,2.2,2.6,0.5,2.5,3.1,1.3,0.4,0.4,0.9,2,10.3
2022,Jerami Grant,20955000,14,2.3,PF,1.2,1.1,27,6.3,14.9,1.9,5.4,4.4,9.5,4.6,5.5,0.6,3.5,4.1,2.4,0.9,1,1.8,2.3,19.2
2022,Jevon Carter,6025000,2,1.2,PG,0.5,0.7,26,1.5,3.8,1,2.6,0.5,1.3,0.2,0.3,0.2,1.5,1.7,1.5,0.4,0.2,0.5,1,4.2
2022,Jimmy Butler,37653300,40,9.2,SF,6.2,2.9,32,7,14.5,0.5,2,6.5,12.5,6.9,8,1.8,4.1,5.9,5.5,1.6,0.5,2.1,1.5,21.4
2022,Joe Harris,18642857,24,0.5,SF,0.3,0.2,30,4,8.9,2.9,6.3,1.1,2.6,0.4,0.4,0.4,3.6,4,1,0.5,0.1,1.1,2.2,11.3
2022,Joe Ingles,6479000,2,2.2,SF,1.3,0.9,34,2.6,6.3,1.7,5,0.8,1.3,0.4,0.5,0.3,2.6,2.9,3.5,0.5,0.1,1,1.8,7.2
2022,Joel Embiid,33616770,57,12,C,7.9,4.1,27,9.8,19.6,1.4,3.7,8.4,15.9,9.6,11.8,2.1,9.6,11.7,4.2,1.1,1.5,3.1,2.7,30.6
2022,John Collins,23500000,7,5.1,PF,3.6,1.4,24,6.3,11.9,1.2,3.3,5.1,8.7,2.5,3.1,1.7,6.1,7.8,1.8,0.6,1,1.1,3,16.2
2023,John Wall,47345760,31,0.5,PG,0,0.5,32,4.5,10.5,0.8,3.5,3.6,7,1.8,3.2,0.3,2.3,2.6,5.7,1.2,0.2,1.9,1.8,11.6
2022,Jordan Clarkson,13340000,4,3.5,SG,1.5,2,29,5.9,14.1,2.4,7.6,3.5,6.5,1.8,2.2,0.8,2.6,3.5,2.5,0.8,0.2,1.6,1.9,16
2022,Jordan Poole,3901399,2,6,SG,3.1,2.9,22,6.2,13.9,2.8,7.6,3.5,6.3,3.2,3.5,0.4,3,3.4,4,0.8,0.3,2.5,2.7,18.5
2022,Josh Hart,12960000,11,4.4,SG,2.8,1.5,26,5.3,10.5,1.4,3.9,4,6.6,3,3.9,1.1,6,7.2,4.1,1.1,0.2,2.1,2.8,14.9
2022,Josh Okogie,1836090,2,0.7,SG,0.1,0.5,23,0.9,2.1,0.3,1,0.6,1.2,0.7,1,0.6,0.8,1.4,0.5,0.5,0.2,0.5,1.1,2.7
2022,Josh Richardson,12196094,17,3.5,SG,1.6,2,28,3.6,8.2,1.6,3.8,2,4.4,1.5,1.7,0.6,2.2,2.8,1.8,0.9,0.4,1,1.8,10.2
2022,Jrue Holiday,33665040,42,6.9,PG,4.5,2.4,31,7.1,14.2,2,4.8,5.2,9.4,2,2.7,1,3.5,4.5,6.8,1.6,0.4,2.7,2,18.3
2022,Julius Randle,23760000,14,3.1,PF,-0.3,3.4,27,7.1,17.3,1.7,5.4,5.4,11.9,4.2,5.6,1.7,8.2,9.9,5.1,0.7,0.5,3.4,2.8,20.1
2022,Justin Holiday,6292440,6,1.4,SF-SG,0.8,0.6,32,3.5,8.9,2.4,6.5,1.1,2.4,0.7,0.8,0.4,2.2,2.6,1.7,0.8,0.4,0.9,2.1,10.1
2022,Justin Jackson,1836090,1,0,SF,0,0,26,0.7,2.1,0.4,1.3,0.3,0.9,0.3,0.3,0.1,0.9,1,0.3,0,0,0.1,0.4,2.1
2022,Justise Winslow,4097561,17,0.8,PF,-0.3,1.1,25,2.3,5.4,0.3,1.4,2,4,0.8,1.4,1,3.2,4.2,1.8,0.7,0.5,1,1.4,5.7
2022,Juwan Morgan,576230,3,0.1,PF,0.1,0,24,1,1.5,0.5,1,0.5,0.5,0,0,1,1,2,0.5,0,0,0,1.5,2.5
2022,Karl-Anthony Towns,33833400,7,10.3,C,7.1,3.2,26,8.7,16.4,2,4.9,6.6,11.5,5.2,6.3,2.6,7.2,9.8,3.6,1,1.1,3.1,3.6,24.6
2023,Kawhi Leonard,42492492,68,0.2,SF,0.1,0.1,31,3.8,8.5,0.5,3,3.3,5.5,2.5,3.3,1,3.8,4.8,3,0.8,0,1.3,1.8,10.5
2022,Keita Bates-Diop,1878720,6,1.6,SF,0.6,1,26,2.3,4.5,0.3,0.9,2,3.5,0.8,1,1.1,2.9,3.9,0.7,0.5,0.2,0.8,1,5.7
2022,Kelly Olynyk,12804878,21,1.6,C,0.8,0.8,30,3.2,7.2,1,3,2.2,4.2,1.7,2.2,1.4,3.1,4.4,2.8,0.8,0.5,1.5,2.5,9.1
2022,Kelly Oubre Jr.,12600000,9,3.3,SF,1.8,1.4,26,5.4,12.3,2.5,7.3,2.9,5,1.7,2.5,1,2.9,4,1.1,1,0.4,0.9,2.5,15
2022,Kemba Walker,9165471,27,1.8,PG,1,0.9,31,4,10,2,5.4,2.1,4.6,1.6,1.9,0.4,2.6,3,3.5,0.7,0.2,1.3,1,11.6
2023,Kendrick Nunn,5250000,3,-0.4,PG,-0.6,0.1,27,2.2,6.2,1,3.3,1.2,2.8,0.3,0.4,0.1,1.5,1.5,1.3,0.2,0.1,1.5,0.8,5.8
2022,Kenrich Williams,2000000,3,1.8,SF,0.8,1,27,3,6.5,0.8,2.5,2.1,4,0.6,1.1,1.5,3,4.5,2.2,0.9,0.2,0.9,1.7,7.4
2022,Kentavious Caldwell-Pope,14004703,8,2.8,SG,1.4,1.4,28,4.7,10.8,2.1,5.3,2.6,5.5,1.8,2,0.5,2.9,3.4,1.9,1.1,0.3,1.3,1.8,13.2
2022,Kevin Durant,44119845,37,8.4,PF,6.4,2,33,10.5,20.3,2.1,5.5,8.4,14.8,6.8,7.4,0.5,6.9,7.4,6.4,0.9,0.9,3.5,2.1,29.9
2022,Kevin Huerter,14508929,7,2.8,SF,1.8,1,23,4.7,10.3,2.2,5.6,2.5,4.7,0.6,0.7,0.4,3,3.4,2.7,0.7,0.4,1.2,2.5,12.1
2022,Kevin Knox,3000000,1,0.2,SF,0.1,0.2,22,1,2.8,0.5,1.8,0.5,1,0.5,0.7,0.5,1,1.5,0.3,0.1,0.1,0.2,0.6,3.1
2022,Kevin Love,28942830,101,5.7,C,3.2,2.5,33,4.4,10.3,2.5,6.4,1.9,3.8,2.2,2.7,1.2,6.1,7.2,2.2,0.4,0.2,1.3,1.4,13.6
2022,Kevin Porter Jr.,3217631,3,0.8,PG,0,0.8,21,5.5,13.2,2.5,6.8,3,6.5,2,3.2,0.7,3.7,4.4,6.2,1.1,0.4,3.1,2.6,15.6
2022,Kevon Looney,8000000,30,6.8,C,3.5,3.2,25,2.5,4.4,0,0,2.5,4.4,0.9,1.5,2.5,4.7,7.3,2,0.6,0.6,0.8,2.6,6
2022,Khem Birch,6667500,7,2.6,C,1.5,1.1,29,1.8,3.6,0,0.3,1.8,3.4,1,1.3,2.2,2.1,4.3,1,0.5,0.5,0.5,1.9,4.5
2022,Khris Middleton,37948276,22,5.3,SF,3.2,2.2,30,6.8,15.5,2.5,6.6,4.4,8.9,3.9,4.4,0.6,4.8,5.4,5.4,1.2,0.3,2.9,2.4,20.1
2022,Klay Thompson,40600080,18,1.8,SG,0.6,1.2,31,7.7,17.9,3.6,9.3,4.1,8.7,1.4,1.6,0.5,3.4,3.9,2.8,0.5,0.5,1.3,1.7,20.4
2022,Kyle Anderson,8780488,16,3.5,PF,1,2.5,28,3,6.8,0.5,1.6,2.5,5.2,1,1.5,1,4.3,5.3,2.7,1.1,0.7,1,1.6,7.6
2022,Kyle Kuzma,13000000,12,2,PF,0,2,26,6.4,14.2,1.9,5.7,4.5,8.5,2.4,3.3,1.1,7.4,8.5,3.5,0.6,0.9,2.6,1.9,17.1
2022,Kyle Lowry,28333334,45,6.4,PG,3.7,2.7,35,4.4,10,2.3,6.1,2.1,3.9,2.3,2.8,0.5,4,4.5,7.5,1.1,0.3,2.7,2.8,13.4
2022,Kyrie Irving,36934550,74,3.3,PG,2.4,0.9,29,10,21.2,3.4,8.2,6.5,13,4.1,4.4,0.6,3.8,4.4,5.8,1.4,0.6,2.5,2.8,27.4
2022,Landry Shamet,9500000,4,2.6,SG,1.1,1.5,24,2.8,7,1.8,4.8,1,2.2,1,1.2,0.2,1.6,1.8,1.6,0.4,0.1,0.6,1.3,8.3
2022,Larry Nance Jr.,9672727,25,2.3,C-PF,1.5,0.8,29,2.8,5.4,0.5,1.5,2.3,3.8,0.9,1.2,1.6,3.8,5.4,1.8,0.9,0.4,0.8,1.8,7
2022,Lauri Markkanen,16475454,10,5,SF,2.7,2.3,24,5.1,11.5,2.2,6.2,2.9,5.3,2.3,2.6,1,4.7,5.7,1.3,0.7,0.5,0.9,2.1,14.8
2022,LeBron James,44474988,50,7.5,PF,5.2,2.3,37,11.4,21.8,2.9,8,8.6,13.8,4.5,6,1.1,7.1,8.2,6.2,1.3,1.1,3.5,2.2,30.3
2022,Lonnie Walker IV,6479000,4,1.2,SG,0.1,1.1,23,4.4,10.9,1.6,5,2.9,5.9,1.7,2.1,0.3,2.3,2.6,2.2,0.6,0.3,1,1.4,12.1
2022,Lonzo Ball,19534884,10,2.2,PG,0.8,1.4,24,4.6,10.9,3.1,7.4,1.5,3.5,0.6,0.8,1,4.4,5.4,5.1,1.8,0.9,2.3,2.4,13
2022,Luguentz Dort,15277778,1,1.4,SG,0.2,1.1,22,5.7,14.2,2.5,7.7,3.2,6.6,3.2,3.7,0.7,3.4,4.2,1.7,0.9,0.4,1.7,2.9,17.2
2022,Luke Kennard,14415545,9,4.5,SG,2.8,1.7,25,4.1,9.1,2.7,6,1.4,3.1,1,1.1,0.3,3,3.3,2.1,0.6,0.1,0.9,1.4,11.9
2022,Luke Kornet,2133278,11,0.4,C,0.2,0.2,26,0.9,1.8,0,0.3,0.9,1.5,0.3,0.4,0.9,1.1,1.9,0.6,0.2,0.2,0,0.6,2
2022,Malcolm Brogdon,22600000,23,2.7,PG,2.2,0.4,29,6.8,15.1,1.6,5.2,5.1,9.9,4,4.6,0.9,4.2,5.1,5.9,0.8,0.4,2.1,2,19.1
2022,Malik Beasley,15558035,9,2.9,SG,1.7,1.2,25,4.2,10.8,3,8.1,1.2,2.7,0.6,0.8,0.3,2.5,2.9,1.5,0.5,0.2,0.5,1.1,12.1
2022,Malik Monk,9472219,1,3.6,SG,2.3,1.4,23,5.1,10.9,2.3,5.8,2.9,5.1,1.2,1.5,0.5,2.9,3.4,2.9,0.8,0.4,1.6,1.8,13.8
2022,Marcus Morris,16372093,28,2.4,PF,0.9,1.5,32,5.6,12.8,1.9,5.1,3.7,7.7,2.4,2.7,0.5,3.9,4.4,2.1,0.5,0.3,1.3,2.1,15.4
2022,Marcus Smart,17207142,21,5.6,PG,1.9,3.7,27,4.2,10.1,1.7,5.1,2.5,5,2,2.5,0.6,3.2,3.8,5.9,1.7,0.3,2.2,2.3,12.1
2022,Markelle Fultz,16500000,5,0.4,PG,0,0.4,23,4.6,9.7,0.2,0.9,4.4,8.8,1.4,1.7,0.2,2.5,2.7,5.5,1.1,0.3,2.2,1.2,10.8
2022,Markieff Morris,1836090,26,0.3,PF,0,0.3,32,3.2,6.7,0.8,2.3,2.4,4.4,0.5,0.5,1,1.6,2.6,1.4,0.4,0.1,1.2,1.9,7.6
2022,Marquese Chriss,2193920,8,0.8,PF,0.2,0.6,24,1.8,3.9,0.2,0.7,1.6,3.2,0.6,1,1,2.1,3,0.5,0.4,0.4,0.5,1.9,4.5
2022,Marvin Bagley III,12500000,11,2,PF,1.2,0.9,22,4.7,9.3,0.5,2,4.2,7.3,1.4,2.1,2.2,4.9,7,0.8,0.5,0.4,0.8,1.9,11.3
2022,Mason Plumlee,9080417,5,4.7,C,2.7,2,31,2.8,4.4,0,0,2.8,4.4,0.9,2.3,2.4,5.3,7.7,3.1,0.8,0.7,1.4,3.1,6.5
2022,Matisse Thybulle,4379527,2,3.7,SG,1.2,2.5,24,2.3,4.5,0.7,2.2,1.6,2.4,0.5,0.7,0.6,1.7,2.3,1.1,1.7,1.1,0.6,2.4,5.7
2023,Matthew Dellavedova,1836090,19,0,PG,0,0,32,0.6,1.8,0.4,0.6,0.2,1.2,0,0,0.2,0.4,0.6,1.6,0.4,0,0.6,1,1.6
2022,Max Strus,1815677,5,3.6,SF,2,1.7,25,3.7,8.3,2.7,6.5,1,1.8,0.6,0.8,0.4,2.6,3,1.4,0.4,0.2,0.8,1.7,10.6
2022,Maxi Kleber,9000000,11,3,PF,0.7,2.3,30,2.4,6,1.4,4.3,1,1.7,0.8,1.1,1.2,4.7,5.9,1.2,0.5,1,0.8,2.3,7
2022,Michael Porter Jr.,30913750,4,-0.2,SF,-0.5,0.3,23,4.1,11.4,1.1,5.3,3,6.1,0.6,1,1,5.6,6.6,1.9,1.1,0.2,1.3,1.8,9.9
2022,Mike Muscala,3500000,20,2.1,C,1.4,0.7,30,2.6,5.8,1.6,3.8,1,2,1.1,1.3,0.5,2.5,3,0.5,0.4,0.6,0.3,1.3,8
2022,Mitchell Robinson,17045454,7,8.5,C,5.3,3.2,23,3.6,4.8,0,0,3.6,4.8,1.2,2.5,4.1,4.5,8.6,0.5,0.8,1.8,0.8,2.7,8.5
2022,Mo Bamba,10300000,8,4.5,C,1.8,2.7,23,4.2,8.7,1.5,4,2.7,4.7,0.8,1,2.1,6,8.1,1.2,0.5,1.7,1.1,2.6,10.6
2022,Monte Morris,9125000,4,5.4,PG,3.9,1.5,26,5,10.3,1.7,4.2,3.3,6.1,1,1.1,0.4,2.7,3,4.4,0.7,0.2,1,1.2,12.6
2022,Montrezl Harrell,2463490,6,7.3,C,6.1,1.2,28,5,7.8,0.1,0.2,5,7.6,3,4.2,2.1,4,6.1,2,0.4,0.6,1,1.9,13.1
2022,Myles Turner,18000000,17,3.1,C,1.7,1.4,25,4.8,9.4,1.5,4.4,3.3,5,1.9,2.5,1.5,5.5,7.1,1,0.7,2.8,1.3,2.8,12.9
2022,Nassir Little,4171548,4,1.7,SF,1.2,0.6,21,3.5,7.5,1.2,3.7,2.2,3.8,1.6,2.2,1.4,4.2,5.6,1.3,0.6,0.9,1,2,9.8
2022,Naz Reid,1930681,3,3.2,C,1.5,1.6,22,3,6.2,0.7,2.2,2.3,4,1.5,1.9,1.3,2.6,3.9,0.9,0.5,0.9,1.1,2.2,8.3
2022,Nerlens Noel,9240000,33,1.5,C,0.4,1,27,1.3,2.4,0,0.1,1.3,2.3,0.8,1.2,1.9,3.7,5.6,0.9,1.2,1.2,0.8,2.7,3.4
2022,Nickeil Alexander-Walker,5009633,3,0.1,SG,-1.1,1.1,23,3.9,10.5,1.6,5.2,2.3,5.3,1.2,1.7,0.6,2.3,2.9,2.4,0.7,0.4,1.4,1.6,10.6
2022,Nicolas Batum,19700319,41,3.7,PF,1.6,2.1,33,3,6.6,1.8,4.6,1.2,2,0.4,0.6,0.5,3.8,4.3,1.7,1,0.7,0.7,1.4,8.3
2022,Nik Stauskas,702311,15,0.1,SG,0,0,28,0.6,1.8,0.5,1.3,0.1,0.5,0.5,0.8,0.1,0.3,0.4,0.3,0,0,0.1,0.1,2.3
2023,Noah Vonleh,1836090,21,0.2,C,0.1,0.1,27,0.8,1.6,0.1,0.2,0.8,1.4,0.2,0.2,1.3,1.7,3,0.3,0.2,0.5,0.8,2.3,1.9
2022,Norman Powell,16758621,8,2.8,SF-SG,2.4,0.4,28,6.2,13.4,2.4,5.6,3.8,7.8,4.2,5.2,0.4,2.8,3.2,2.1,0.9,0.5,1.5,2.4,19
2022,Oshae Brissett,1846738,3,2.2,SF,1.4,0.9,23,3.1,7.6,1.2,3.5,1.9,4,1.7,2.4,1.6,3.7,5.3,1.1,0.7,0.4,0.8,1.7,9.1
2022,Otto Porter Jr.,6000000,18,4.9,PF,2.2,2.7,28,3.1,6.6,1.3,3.4,1.8,3.2,0.8,1,1.4,4.4,5.7,1.5,1.1,0.5,0.6,1.3,8.2
2022,P.J. Tucker,10490000,5,5,PF,2.4,2.6,36,2.9,6,1.1,2.7,1.8,3.3,0.6,0.9,1.4,4,5.5,2.1,0.8,0.2,0.9,2.3,7.6
2022,P.J. Washington,5808435,4,3.4,C,1.8,1.6,23,3.8,8.2,1.7,4.6,2.2,3.6,0.9,1.2,1.3,3.9,5.2,2.3,0.9,0.9,1.3,2.3,10.3
2022,Pascal Siakam,35448672,5,8.1,PF,4.9,3.2,27,8.8,17.8,1.1,3.2,7.7,14.5,4.2,5.6,1.9,6.6,8.5,5.3,1.3,0.6,2.7,3.3,22.8
2022,Pat Connaughton,5728393,5,4.4,SF,2.8,1.6,29,3.5,7.6,2.2,5.7,1.2,1.9,0.7,0.8,0.7,3.5,4.2,1.3,0.9,0.2,0.5,1.3,9.9
2022,Patrick Beverley,13000000,50,4.1,PG,2.3,1.7,33,3.1,7.5,1.4,4.2,1.6,3.3,1.7,2.3,1.1,3.1,4.1,4.6,1.2,0.9,1.3,3,9.2
2022,Patty Mills,6479000,10,2.8,SG,1.9,0.9,33,4,9.8,2.8,7,1.2,2.8,0.6,0.7,0.2,1.7,1.9,2.3,0.6,0.2,0.9,1.4,11.4
2022,Paul George,42492492,25,1.3,PF,-0.6,1.9,31,8.6,20.5,2.9,8.3,5.7,12.2,4.1,4.8,0.4,6.5,6.9,5.7,2.2,0.4,4.1,2.4,24.3
2022,Raul Neto,1836090,24,1.5,PG,0.7,0.8,29,2.9,6.3,0.5,1.7,2.4,4.6,1.2,1.5,0.2,1.7,1.9,3.1,0.8,0,1.1,1.5,7.5
2022,Reggie Bullock,10012800,36,3.2,SF,1.2,2,30,3,7.4,2.1,5.8,0.9,1.6,0.6,0.7,0.5,3.1,3.5,1.2,0.6,0.2,0.6,1.6,8.6
2022,Reggie Jackson,11215260,17,0.4,SG,-1.7,2,31,6.4,16.3,2.2,6.8,4.2,9.5,1.8,2.2,0.5,3.1,3.6,4.8,0.7,0.2,2.3,2.1,16.8
2022,Richaun Holmes,11215260,24,3.2,C,2.4,0.9,28,4.4,6.7,0,0.1,4.4,6.6,1.6,2,2.1,5,7,1.1,0.4,0.9,1.2,2.8,10.4
2022,Ricky Rubio,5853659,41,1.3,PG,-0.1,1.4,31,4.4,12.1,1.7,5.1,2.6,7,2.6,3,0.4,3.7,4.1,6.6,1.4,0.2,2.6,2.2,13.1
2022,Robert Covington,12307692,21,3.2,PF,0.8,2.4,31,2.9,7,1.8,4.8,1.1,2.2,0.8,1,0.8,4.7,5.5,1.3,1.5,1.3,1.1,2.7,8.5
2022,Robin Lopez,1836090,8,0.8,C,0.5,0.3,33,3.1,5.5,0.1,0.2,3,5.4,0.9,1.5,1.9,1.6,3.5,1.5,0.1,0.5,1.2,1.9,7.1
2022,Rodney McGruder,1836090,11,1.2,SG,0.7,0.4,30,1.9,4.4,1.1,2.9,0.8,1.5,0.4,0.5,0.6,1.6,2.2,0.9,0.4,0.1,0.5,1.1,5.4
2022,Romeo Langford,5634257,9,1.3,SG,0.3,1,22,1.7,4,0.6,1.8,1.1,2.2,0.5,0.9,0.6,1.6,2.3,0.4,0.5,0.3,0.3,1,4.5
2022,Royce O'Neale,9200000,1,5.5,SF,2.7,2.8,28,2.6,5.8,1.5,4,1.1,1.8,0.6,0.7,0.8,3.9,4.8,2.5,1.1,0.4,1,2.4,7.4
2022,Rudy Gay,6184500,51,2.1,PF,0.8,1.3,35,2.9,6.9,1.3,3.7,1.6,3.2,1.1,1.4,1,3.4,4.4,1,0.5,0.3,0.9,1.7,8.1
2022,Rudy Gobert,38172414,19,11.7,C,7.3,4.3,29,5.5,7.7,0,0.1,5.5,7.6,4.6,6.7,3.7,11,14.7,1.1,0.7,2.1,1.8,2.7,15.6
2022,Rui Hachimura,6263188,3,1.4,PF,0.9,0.6,23,4.5,9.1,1.3,2.9,3.1,6.1,1.1,1.6,0.6,3.2,3.8,1.1,0.5,0.2,0.8,1.3,11.3
2022,Russell Westbrook,47063478,32,1.7,PG,-0.6,2.3,33,7,15.8,1,3.4,6,12.4,3.4,5.1,1.4,6,7.4,7.1,1,0.3,3.8,3,18.5
2022,Ryan Arcidiacono,1836090,3,0.1,PG,0,0.1,27,0.6,1.2,0.4,0.9,0.2,0.3,0,0,0,0.8,0.8,0.4,0.1,0,0.3,0.5,1.6
2022,Serge Ibaka,1836090,25,2,C,0.8,1.1,32,2.7,5.5,0.7,1.8,2.1,3.6,0.6,0.8,1.1,3.5,4.6,0.9,0.2,0.6,0.8,1.9,6.8
2022,Seth Curry,8496653,21,4.2,SG,2.7,1.5,31,5.6,11.5,2.5,5.8,3.2,5.7,1.3,1.5,0.3,2.8,3.1,3.6,0.8,0.2,1.7,2.3,15
2022,Shai Gilgeous-Alexander,30913750,2,4.6,PG,2.8,1.8,23,8.5,18.8,1.6,5.3,6.9,13.5,5.9,7.2,0.7,4.3,5,5.9,1.3,0.8,2.8,2.5,24.5
2022,Shake Milton,1997718,10,1.7,SG,0.7,1,25,3.1,7.3,0.8,2.4,2.4,4.9,1.1,1.3,0.5,2,2.6,2.5,0.5,0.3,0.8,1.8,8.2
2022,Spencer Dinwiddie,20171427,12,4.1,PG-SG,2.7,1.4,28,4.6,11,1.7,4.9,2.9,6,2.9,3.8,0.7,3.5,4.2,5.2,0.7,0.2,1.6,2.2,13.7
2022,Stanley Johnson,2351521,12,1.8,PF,0.9,0.9,25,2.4,5.2,0.7,2.2,1.8,3,1.1,1.5,0.7,2.5,3.2,1.7,0.9,0.3,0.7,2.3,6.7
2022,Stephen Curry,48070014,53,8,PG,4.6,3.4,33,8.4,19.1,4.5,11.7,3.9,7.4,4.3,4.7,0.5,4.7,5.2,6.3,1.3,0.4,3.2,2,25.5
2022,Sterling Brown,3000000,8,0.8,SG,-0.1,0.9,26,1.2,3.2,0.6,1.9,0.6,1.3,0.3,0.3,0.5,2.5,3,0.7,0.3,0.1,0.5,1.1,3.3
2022,Steven Adams,17926829,15,6.8,C,3.8,3,28,2.8,5.1,0,0,2.8,5,1.4,2.6,4.6,5.4,10,3.4,0.9,0.8,1.5,2,6.9
2022,Svi Mykhailiuk,3714810,7,0.8,SF,0.1,0.7,24,1.6,4.2,0.7,2.4,0.9,1.8,0.6,0.7,0.4,1.3,1.6,0.8,0.5,0.1,0.6,1,4.6
2022,T.J. McConnell,8100000,5,1.3,PG,1,0.4,29,3.7,7.7,0.4,1.2,3.3,6.5,0.7,0.9,0.7,2.6,3.3,4.9,1.1,0.4,1.1,2,8.5
2022,Taj Gibson,1836090,25,2.7,C,1.4,1.2,36,1.7,3.2,0.3,0.7,1.4,2.5,0.8,1,1.7,2.7,4.4,0.6,0.4,0.8,0.5,2.6,4.4
2022,Taurean Prince,7295000,8,2.2,PF,1,1.2,27,2.6,5.7,1.2,3.3,1.3,2.3,0.9,1.2,0.4,2.1,2.5,1,0.7,0.3,0.8,1.7,7.3
2022,Terance Mann,1930681,5,5.5,SF,3.1,2.4,25,4.1,8.5,0.9,2.6,3.2,6,1.6,2,1.3,4,5.2,2.6,0.7,0.3,1,2.2,10.8
2022,Terrence Ross,11500000,16,0.3,SG,-0.5,0.9,30,3.5,8.8,1.2,4.2,2.3,4.6,1.8,2.1,0.3,2.2,2.6,1.8,0.4,0.2,1.2,1.1,10
2022,Terry Rozier,21486316,11,5.9,SG,4.3,1.6,27,7.1,16,3,8.1,4.1,7.9,2.1,2.4,0.8,3.5,4.3,4.5,1.3,0.3,1.3,1.6,19.3
2022,Thaddeus Young,8000000,12,2.2,PF,0.9,1.3,33,2.7,5.2,0.3,0.9,2.4,4.3,0.4,0.9,1.5,2.5,4,2,1,0.3,1,1.6,6.2
2022,Thanasis Antetokounmpo,1878720,2,0.9,SF,0.4,0.5,29,1.5,2.7,0,0.3,1.4,2.4,0.6,1,0.8,1.3,2.1,0.5,0.3,0.3,0.5,1.4,3.6
2022,Thomas Bryant,1836090,15,1.1,C,0.7,0.4,24,2.9,5.5,0.4,1.6,2.4,3.9,1.3,1.5,1,3,4,0.9,0.2,0.8,0.7,1.6,7.4
2022,Tim Hardaway Jr.,19602273,23,2,SG,0.5,1.5,29,5,12.6,2.4,7.2,2.5,5.4,1.9,2.5,0.3,3.4,3.7,2.2,0.9,0.1,0.8,1.8,14.2
2022,Tobias Harris,37633050,29,5.6,PF,3,2.6,29,6.8,14,1.4,3.8,5.4,10.2,2.3,2.8,1.1,5.7,6.8,3.5,0.6,0.6,1.6,2.2,17.2
2022,Tony Bradley,2036318,12,1.3,C,0.6,0.7,24,1.3,2.2,0,0,1.3,2.2,0.3,0.5,1.2,2.2,3.4,0.5,0.2,0.6,0.6,1.1,3
2022,Torrey Craig,5121951,6,2.3,SF,0.9,1.4,31,2.6,5.7,1,3,1.6,2.7,0.5,0.7,1.1,2.9,4,1.2,0.6,0.5,0.9,1.9,6.6
2022,Trae Young,37096500,6,10,PG,9,1,23,9.4,20.3,3.1,8,6.3,12.3,6.6,7.3,0.7,3.1,3.7,9.7,0.9,0.1,4,1.7,28.4
2022,Trey Lyles,2625000,4,3.5,PF,2.4,1.2,26,3.5,7.5,0.9,2.8,2.6,4.7,2.6,3.2,1.2,3.9,5.1,1.2,0.4,0.4,1,1.6,10.5
2022,Troy Brown Jr.,1836090,3,1.4,SF,0.5,0.9,22,1.6,3.9,0.7,2,0.9,1.9,0.3,0.4,0.6,2.5,3.1,1,0.5,0.1,0.4,0.9,4.3
2022,Ty Jerome,4220057,3,0.5,SG,0,0.5,24,2.6,6.8,1.1,3.9,1.5,3,0.8,1,0.4,1.2,1.6,2.3,0.6,0.1,0.8,1.5,7.1
2022,Tyler Herro,5722116,4,3.8,SG,1.3,2.4,22,7.6,17,2.7,6.7,4.9,10.3,2.9,3.3,0.5,4.5,5,4,0.7,0.1,2.6,1.4,20.7
2022,Tyus Jones,15000000,9,5.1,PG,3.4,1.6,25,3.4,7.6,1.1,2.8,2.3,4.8,0.7,0.9,0.2,2.2,2.4,4.4,0.9,0,0.6,0.4,8.7
2022,Udonis Haslem,1836090,24,0.1,C,-0.1,0.1,41,1.1,2.4,0.1,0.3,1,2.1,0.2,0.2,0.3,1.6,1.9,0.3,0.1,0.1,0.4,1.2,2.5
2022,Victor Oladipo,8750000,27,0.4,SG,0.2,0.2,29,4.4,9.1,1.9,4.5,2.5,4.6,1.8,2.4,0.4,2.5,2.9,3.5,0.6,0.1,2,1.6,12.4
2022,Wendell Carter Jr.,14150000,4,5,PF,2.6,2.4,22,5.8,11,1.1,3.5,4.7,7.6,2.3,3.3,2.2,8.2,10.5,2.8,0.6,0.7,1.9,2.7,15
2022,Wenyen Gabriel,1878720,1,0.7,PF,0.4,0.3,24,2.1,4.2,0.3,1.1,1.8,3.2,1,1.6,1.5,2.2,3.7,0.5,0.2,0.4,0.6,2.6,5.4
2022,Will Barton,14375000,19,3.2,SG,1.2,1.9,31,5.5,12.6,2.2,6.1,3.3,6.6,1.4,1.8,0.6,4.2,4.8,3.9,0.8,0.4,1.8,1.6,14.7
2022,Yuta Watanabe,1836090,11,0.7,SF,0.1,0.6,27,1.5,3.6,0.7,2.1,0.8,1.6,0.6,1.1,0.5,1.9,2.4,0.6,0.3,0.4,0.5,1,4.3
2022,Zach Collins,7350000,7,1.2,C,0.6,0.7,24,2.7,5.5,0.5,1.5,2.2,4.1,1.9,2.3,1.6,3.8,5.5,2.2,0.5,0.8,1.6,2.4,7.8
2022,Zach LaVine,37096500,18,5.8,SG,4.5,1.3,26,8.4,17.7,2.8,7.1,5.7,10.6,4.8,5.6,0.3,4.3,4.6,4.5,0.6,0.3,2.6,1.8,24.4
2023,Zion Williamson,13534817,6,1.2,PF,0.9,0.4,22,9,15.9,0.3,0.5,8.7,15.4,5.3,7.4,2.1,4.3,6.4,3.9,1.1,0.3,2.7,2.7,23.5
