Rk,Player,Pos,Age,Tm,G,GS,MP,FG,FGA,FGcent,3P,3PA,3Pcent,2P,2PA,2Pcent,eFGcent,FT,FTA,FTcent,ORB,DRB,TRB,AST,STL,BLK,TOV,PF,PTS,Player_additional
1,Stephen Curry,PG,34,GSW,12,12,422,132,251,.526,62,143,.434,70,108,.648,.649,67,73,.918,8,73,81,78,13,1,32,25,393,curryst01
2,Jayson Tatum,PF,24,BOS,13,13,487,135,270,.500,48,124,.387,87,146,.596,.589,102,117,.872,10,84,94,53,10,17,32,29,420,tatumja01
3,Buddy Hield,SG,30,IND,12,12,378,82,175,.469,49,120,.408,33,55,.600,.609,13,15,.867,15,51,66,38,9,5,23,26,226,hieldbu01
4,Jordan Clarkson,SG,30,UTA,15,15,455,99,231,.429,46,117,.393,53,114,.465,.528,28,35,.800,23,41,64,71,5,8,35,29,272,clarkjo01
5,Anfernee Simons,SG,23,POR,11,11,398,85,202,.421,42,115,.365,43,87,.494,.525,33,39,.846,4,29,33,45,9,2,26,24,245,simonan01
6,Kelly Oubre Jr.,SF,27,CHO,14,14,428,95,226,.420,38,109,.349,57,117,.487,.504,31,45,.689,13,54,67,18,17,5,17,43,259,oubreke01
7,Donovan Mitchell,SG,26,CLE,11,11,430,123,240,.513,46,106,.434,77,134,.575,.608,56,64,.875,11,41,52,67,15,7,37,32,348,mitchdo01
8,Max Strus,SF,26,MIA,13,6,424,73,157,.465,41,106,.387,32,51,.627,.596,14,17,.824,9,42,51,25,10,5,12,34,201,strusma01
9,Klay Thompson,SG,32,GSW,11,11,314,59,168,.351,35,106,.330,24,62,.387,.455,9,12,.750,3,34,37,27,6,5,18,19,162,thompkl01
10,Keldon Johnson,SF,23,SAS,12,12,407,96,208,.462,45,105,.429,51,103,.495,.570,46,60,.767,8,55,63,44,12,1,36,20,283,johnske04
11,Jalen Green,SG,20,HOU,13,13,445,100,235,.426,39,104,.375,61,131,.466,.509,44,56,.786,8,44,52,37,10,4,35,21,283,greenja05
12,Desmond Bane,SG,24,MEM,12,12,403,99,213,.465,46,102,.451,53,111,.477,.573,52,57,.912,6,53,59,57,7,3,27,29,296,banede01
13,Malik Beasley,SG,26,UTA,15,2,384,65,152,.428,42,100,.420,23,52,.442,.566,11,12,.917,10,42,52,18,15,2,11,16,183,beaslma01
14,Tyrese Maxey,SG,22,PHI,14,14,525,117,261,.448,40,98,.408,77,163,.472,.525,45,60,.750,6,42,48,61,15,3,29,35,319,maxeyty01
15,Luka Dončić,PG,23,DAL,12,12,443,140,282,.496,28,98,.286,112,184,.609,.546,104,139,.748,12,92,104,97,24,8,39,39,412,doncilu01
16,Paul George,SF,32,LAC,12,12,428,105,227,.463,34,97,.351,71,130,.546,.537,52,62,.839,5,66,71,54,18,7,43,32,296,georgpa01
17,Anthony Edwards,SG,21,MIN,14,14,505,111,243,.457,33,97,.340,78,146,.534,.525,38,57,.667,7,72,79,52,15,4,43,44,293,edwaran01
18,Gary Trent Jr.,SG,24,TOR,14,14,448,81,195,.415,31,95,.326,50,100,.500,.495,39,50,.780,10,17,27,20,19,3,14,18,232,trentga02
19,Bojan Bogdanović,PF,33,DET,14,14,435,93,184,.505,40,93,.430,53,91,.582,.614,58,63,.921,6,42,48,27,6,0,26,28,284,bogdabo02
20,Trae Young,PG,24,ATL,12,12,422,103,272,.379,28,92,.304,75,180,.417,.430,95,105,.905,11,27,38,112,10,2,45,17,329,youngtr01
21,Lauri Markkanen,SF,25,UTA,15,15,496,122,232,.526,31,90,.344,91,142,.641,.593,52,62,.839,32,97,129,33,8,14,30,26,327,markkla01
22,Michael Porter Jr.,SF,24,DEN,12,12,349,78,157,.497,43,89,.483,35,68,.515,.634,17,20,.850,16,61,77,15,8,3,12,35,216,portemi01
23,Kevin Huerter,SG,24,SAC,12,12,382,66,132,.500,45,88,.511,21,44,.477,.670,22,33,.667,1,34,35,38,11,5,16,25,199,huertke01
24,Jordan Poole,SG,23,GSW,13,2,371,68,165,.412,29,88,.330,39,77,.506,.500,38,46,.826,3,20,23,58,14,1,42,32,203,poolejo01
25,Kyle Kuzma,PF,27,WAS,14,14,461,95,209,.455,28,88,.318,67,121,.554,.522,39,53,.736,12,99,111,38,3,8,32,37,257,kuzmaky01
26,CJ McCollum,SG,31,NOP,13,13,467,93,238,.391,24,86,.279,69,152,.454,.441,22,28,.786,13,58,71,82,18,8,28,25,232,mccolcj01
27,Spencer Dinwiddie,PG,29,DAL,12,12,397,81,165,.491,39,85,.459,42,80,.525,.609,21,26,.808,3,39,42,56,14,2,21,30,222,dinwisp01
28,Tyrese Haliburton,PG,22,IND,12,12,410,87,180,.483,36,84,.429,51,96,.531,.583,36,42,.857,13,44,57,124,22,2,36,16,246,halibty01
29,Jaylen Brown,SF,26,BOS,12,12,437,112,234,.479,30,84,.357,82,150,.547,.543,50,59,.847,12,70,82,39,10,6,35,34,304,brownja02
30,Fred VanVleet,PG,28,TOR,10,10,365,60,147,.408,35,83,.422,25,64,.391,.527,29,35,.829,6,31,37,68,23,7,14,24,184,vanvlfr01
31,Kyle Lowry,PG,36,MIA,13,13,455,50,124,.403,28,82,.341,22,42,.524,.516,41,45,.911,8,55,63,75,15,6,26,36,169,lowryky01
32,D'Angelo Russell,PG,26,MIN,14,14,421,72,175,.411,27,82,.329,45,93,.484,.489,31,42,.738,11,37,48,88,18,8,42,28,202,russeda01
33,Royce O'Neale,SF,29,BRK,14,14,509,50,134,.373,34,81,.420,16,53,.302,.500,10,14,.714,16,49,65,57,19,9,17,48,144,onealro01
34,Kevin Love,PF,34,CLE,13,1,276,48,113,.425,33,81,.407,15,32,.469,.571,29,34,.853,13,84,97,34,2,3,15,17,158,loveke01
35,Karl-Anthony Towns,PF,27,MIN,14,14,480,106,206,.515,29,79,.367,77,127,.606,.585,57,64,.891,27,103,130,73,9,9,41,54,298,townska01
36,Damian Lillard,PG,32,POR,8,8,283,66,141,.468,31,78,.397,35,63,.556,.578,66,76,.868,9,31,40,48,5,2,34,12,229,lillada01
37,Zach LaVine,SG,27,CHI,10,10,338,76,171,.444,30,78,.385,46,93,.495,.532,37,44,.841,5,34,39,41,13,1,22,25,219,lavinza01
38,Saddiq Bey,SF,23,DET,14,14,443,69,163,.423,24,78,.308,45,85,.529,.497,64,70,.914,15,49,64,20,12,3,19,25,226,beysa01
39,Brook Lopez,C,34,MIL,12,12,376,73,150,.487,28,77,.364,45,73,.616,.580,15,19,.789,26,51,77,12,8,32,20,31,189,lopezbr01
40,Dejounte Murray,SG,26,ATL,13,13,476,115,253,.455,25,77,.325,90,176,.511,.504,27,31,.871,12,70,82,104,29,6,31,23,282,murrade01
41,Bennedict Mathurin,SG,20,IND,12,0,338,73,160,.456,34,75,.453,39,85,.459,.563,59,71,.831,15,32,47,27,5,1,29,27,239,mathube01
42,Kristaps Porziņģis,PF,27,WAS,13,13,403,92,188,.489,29,75,.387,63,113,.558,.566,54,67,.806,29,77,106,31,10,18,23,43,267,porzikr01
43,Andrew Wiggins,SF,27,GSW,12,12,411,88,177,.497,29,75,.387,59,102,.578,.579,23,31,.742,20,51,71,30,17,13,15,36,228,wiggian01
44,Julius Randle,PF,28,NYK,13,13,435,90,196,.459,25,75,.333,65,121,.537,.523,66,87,.759,33,85,118,44,8,3,39,47,271,randlju01
45,Tim Hardaway Jr.,SG,30,DAL,11,0,266,39,115,.339,25,75,.333,14,40,.350,.448,26,29,.897,1,19,20,22,7,2,11,14,129,hardati02
46,Kyrie Irving,PG,30,BRK,8,8,309,78,172,.453,21,75,.280,57,97,.588,.515,38,41,.927,6,35,41,41,11,9,19,24,215,irvinky01
47,Tobias Harris,PF,30,PHI,14,14,472,78,169,.462,29,73,.397,49,96,.510,.547,21,27,.778,15,72,87,40,22,8,15,30,206,harrito02
48,Devin Booker,SG,26,PHO,12,12,437,113,238,.475,28,73,.384,85,165,.515,.534,66,76,.868,11,43,54,67,12,5,33,27,320,bookede01
49,Kevin Porter Jr.,PG,22,HOU,13,13,455,86,207,.415,25,73,.342,61,134,.455,.476,52,67,.776,19,55,74,76,16,4,53,38,249,porteke02
50,Mike Conley,PG,35,UTA,14,14,424,51,128,.398,27,72,.375,24,56,.429,.504,22,29,.759,5,27,32,114,14,4,22,23,151,conlemi01
51,P.J. Washington,PF,24,CHO,14,14,436,77,182,.423,24,72,.333,53,110,.482,.489,26,34,.765,16,46,62,21,8,16,26,41,204,washipj01
52,Tre Mann,PG,21,OKC,13,4,313,55,137,.401,24,72,.333,31,65,.477,.489,10,16,.625,10,30,40,29,12,1,13,23,144,manntr01
53,RJ Barrett,SG,22,NYK,13,13,441,89,208,.428,22,72,.306,67,136,.493,.481,46,59,.780,13,57,70,37,7,2,29,28,246,barrerj01
54,Luguentz Dort,SG,23,OKC,13,13,393,62,158,.392,18,72,.250,44,86,.512,.449,34,44,.773,18,38,56,31,19,4,12,45,176,dortlu01
55,Trey Murphy III,SF,22,NOP,13,4,371,50,107,.467,28,71,.394,22,36,.611,.598,21,22,.955,17,41,58,18,12,5,10,24,149,murphtr02
56,LeBron James,PF,38,LAL,10,10,357,100,219,.457,17,71,.239,83,148,.561,.495,32,48,.667,18,70,88,69,11,7,34,20,249,jamesle01
57,Keegan Murray,SF,22,SAC,11,9,352,53,116,.457,27,70,.386,26,46,.565,.573,7,9,.778,8,33,41,13,12,9,19,28,140,murrake02
58,Terry Rozier,PG,28,CHO,7,7,252,57,152,.375,25,70,.357,32,82,.390,.457,14,17,.824,11,27,38,39,3,3,17,9,153,roziete01
59,Marcus Smart,PG,28,BOS,13,13,428,49,124,.395,20,70,.286,29,54,.537,.476,19,23,.826,3,37,40,91,16,3,20,39,137,smartma01
60,Jabari Smith Jr.,PF,19,HOU,12,12,356,41,130,.315,20,70,.286,21,60,.350,.392,22,26,.846,18,63,81,10,2,13,15,44,124,smithja05
61,Devin Vassell,SG,22,SAS,9,7,284,70,149,.470,30,69,.435,40,80,.500,.570,19,25,.760,1,36,37,34,8,3,12,10,189,vassede01
62,OG Anunoby,SF,25,TOR,14,14,495,90,190,.474,26,69,.377,64,121,.529,.542,35,43,.814,19,66,85,25,40,13,32,48,241,anunoog01
63,Georges Niang,PF,29,PHI,14,0,253,40,85,.471,30,67,.448,10,18,.556,.647,7,7,1.000,3,23,26,10,5,6,10,25,117,niangge01
64,Kevin Durant,PF,34,BRK,14,14,518,143,273,.524,24,67,.358,119,206,.578,.568,118,129,.915,6,87,93,74,13,27,46,35,428,duranke01
65,Jrue Holiday,PG,32,MIL,10,10,331,74,168,.440,24,67,.358,50,101,.495,.512,24,28,.857,13,44,57,79,15,7,29,17,196,holidjr01
66,Malik Monk,SG,24,SAC,12,0,262,46,112,.411,24,66,.364,22,46,.478,.518,26,28,.929,5,22,27,51,5,4,20,20,142,monkma01
67,Tyler Herro,SG,23,MIA,10,10,314,72,154,.468,24,64,.375,48,90,.533,.545,28,31,.903,6,58,64,26,7,6,21,16,196,herroty01
68,Jerami Grant,PF,28,POR,12,12,428,82,165,.497,29,63,.460,53,102,.520,.585,55,72,.764,11,45,56,32,8,11,27,24,248,grantje01
69,Doug McDermott,SF,31,SAS,13,0,274,48,107,.449,26,63,.413,22,44,.500,.570,8,12,.667,4,25,29,18,0,2,13,21,130,mcderdo01
70,Marcus Morris,PF,33,LAC,11,11,346,65,132,.492,25,63,.397,40,69,.580,.587,7,7,1.000,6,60,66,24,10,4,12,28,162,morrima03
71,Dillon Brooks,SG,27,MEM,11,11,321,66,163,.405,24,62,.387,42,101,.416,.479,15,21,.714,5,34,39,23,7,2,16,36,171,brookdi01
72,Duncan Robinson,SF,28,MIA,13,0,226,29,84,.345,19,62,.306,10,22,.455,.458,7,8,.875,3,28,31,18,1,0,5,24,84,robindu01
73,Ja Morant,PG,23,MEM,12,12,395,121,252,.480,25,61,.410,96,191,.503,.530,78,99,.788,13,59,72,84,12,4,48,23,345,moranja01
74,Nikola Vučević,C,32,CHI,14,14,436,84,179,.469,24,61,.393,60,118,.508,.536,32,35,.914,37,124,161,40,3,11,34,34,224,vucevni01
75,Gabe Vincent,PG,26,MIA,13,0,337,44,110,.400,19,61,.311,25,49,.510,.486,20,24,.833,4,24,28,38,13,2,18,35,127,vincega01
76,Cade Cunningham,PG,21,DET,12,12,400,93,224,.415,17,61,.279,76,163,.466,.453,36,43,.837,12,62,74,72,10,7,39,34,239,cunnica01
77,Josh Richardson,SG,29,SAS,12,2,278,44,103,.427,24,60,.400,20,43,.465,.544,23,27,.852,3,23,26,35,8,2,25,24,135,richajo01
78,Eric Gordon,SG,34,HOU,11,11,337,49,108,.454,22,60,.367,27,48,.563,.556,22,27,.815,2,20,22,37,9,5,21,10,142,gordoer01
79,James Harden,SG,33,PHI,9,9,331,63,143,.441,20,60,.333,43,83,.518,.510,52,56,.929,5,58,63,90,10,6,26,18,198,hardeja01
80,Caris LeVert,SG,28,CLE,13,13,451,61,156,.391,25,59,.424,36,97,.371,.471,32,41,.780,16,46,62,69,10,2,27,34,179,leverca01
81,Joe Harris,SG,31,BRK,12,8,318,36,87,.414,20,58,.345,16,29,.552,.529,2,5,.400,10,33,43,24,7,3,6,27,94,harrijo01
82,Sam Hauser,PF,25,BOS,13,0,202,34,66,.515,26,57,.456,8,9,.889,.712,3,4,.750,4,22,26,8,3,3,1,18,97,hausesa01
83,Jaden Ivey,SG,20,DET,13,13,408,74,166,.446,20,57,.351,54,109,.495,.506,37,51,.725,18,48,66,49,18,5,32,35,205,iveyja01
84,Evan Fournier,SG,30,NYK,13,7,260,31,90,.344,19,57,.333,12,33,.364,.450,9,11,.818,2,25,27,22,9,3,14,28,90,fournev01
85,De'Aaron Fox,PG,25,SAC,11,11,360,108,197,.548,21,56,.375,87,141,.617,.602,44,53,.830,7,49,56,66,14,5,35,32,281,foxde01
86,Lonnie Walker IV,SG,24,LAL,11,11,342,68,144,.472,20,56,.357,48,88,.545,.542,26,32,.813,5,22,27,19,12,7,12,23,182,walkelo01
87,Will Barton,SG,32,WAS,14,0,334,47,122,.385,19,56,.339,28,66,.424,.463,14,15,.933,6,43,49,35,8,4,18,17,127,bartowi01
88,Justin Holiday,SG,33,ATL,13,0,252,31,80,.388,19,56,.339,12,24,.500,.506,0,0,,1,15,16,15,4,4,8,25,81,holidju01
89,Kentavious Caldwell-Pope,SG,29,DEN,12,12,372,50,100,.500,30,55,.545,20,45,.444,.650,12,16,.750,4,39,43,32,18,4,15,24,142,caldwke01
90,Obi Toppin,PF,24,NYK,13,0,231,50,104,.481,22,55,.400,28,49,.571,.587,9,9,1.000,11,40,51,14,8,3,14,12,131,toppiob01
91,Jamal Murray,PG,25,DEN,12,12,344,78,178,.438,19,55,.345,59,123,.480,.492,19,26,.731,8,34,42,52,12,0,25,9,194,murraja01
92,Tyus Jones,PG,26,MEM,14,2,326,63,140,.450,19,55,.345,44,85,.518,.518,8,13,.615,4,20,24,55,10,1,16,7,153,jonesty01
93,Dorian Finney-Smith,PF,29,DAL,12,12,390,37,85,.435,18,55,.327,19,30,.633,.541,8,11,.727,14,34,48,9,10,6,15,26,100,finnedo01
94,Jaylen Nowell,SG,23,MIN,14,0,254,60,144,.417,17,55,.309,43,89,.483,.476,15,19,.789,8,31,39,31,7,2,13,21,152,nowelja01
95,Grayson Allen,SG,27,MIL,11,10,295,35,83,.422,23,54,.426,12,29,.414,.560,26,28,.929,8,23,31,30,9,3,19,19,119,allengr01
96,Darius Garland,PG,23,CLE,7,7,242,48,122,.393,22,54,.407,26,68,.382,.484,30,38,.789,4,12,16,56,10,1,22,18,148,garlada01
97,Russell Westbrook,PG,34,LAL,12,3,352,68,165,.412,18,53,.340,50,112,.446,.467,42,52,.808,14,52,66,86,14,5,45,32,196,westbru01
98,Bones Hyland,PG,22,DEN,9,0,187,40,103,.388,26,52,.500,14,51,.275,.515,20,26,.769,1,14,15,33,6,3,18,17,126,hylanbo01
99,Terrence Ross,SG,31,ORL,12,8,321,47,102,.461,22,52,.423,25,50,.500,.569,6,9,.667,5,27,32,16,8,3,11,26,122,rosste01
100,Jevon Carter,PG,27,MIL,12,12,319,41,96,.427,22,52,.423,19,44,.432,.542,6,8,.750,7,22,29,37,19,8,19,36,110,carteje01
101,Isaiah Stewart,C,21,DET,14,14,394,54,114,.474,16,52,.308,38,62,.613,.544,47,64,.734,42,94,136,19,8,10,14,43,171,stewais01
102,Reggie Jackson,PG,32,LAC,13,13,382,50,127,.394,15,52,.288,35,75,.467,.453,16,17,.941,4,25,29,54,9,1,27,22,131,jacksre01
103,Franz Wagner,SF,21,ORL,13,13,444,96,196,.490,12,52,.231,84,144,.583,.520,34,40,.850,14,38,52,59,11,4,36,29,238,wagnefr01
104,James Bouknight,SG,22,CHO,14,0,266,33,97,.340,12,52,.231,21,45,.467,.402,10,16,.625,4,30,34,21,6,4,15,24,88,bouknja01
105,Cameron Johnson,PF,26,PHO,8,8,202,37,83,.446,22,51,.431,15,32,.469,.578,8,11,.727,5,22,27,14,9,3,2,14,104,johnsca02
106,De'Andre Hunter,SF,25,ATL,13,13,384,76,161,.472,18,51,.353,58,110,.527,.528,25,35,.714,10,41,51,12,4,2,18,45,195,huntede01
107,Ayo Dosunmu,PG,23,CHI,13,13,394,61,125,.488,18,51,.353,43,74,.581,.560,12,13,.923,6,44,50,42,11,4,22,32,152,dosunay01
108,Scottie Barnes,PF,21,TOR,13,13,415,72,167,.431,17,51,.333,55,116,.474,.482,18,25,.720,25,61,86,64,12,9,26,19,179,barnesc01
109,Santi Aldama,PF,22,MEM,14,14,388,53,114,.465,17,51,.333,36,63,.571,.539,14,22,.636,26,61,87,13,13,17,10,39,137,aldamsa01
110,Jalen Brunson,PG,26,NYK,13,13,425,93,189,.492,15,51,.294,78,138,.565,.532,53,61,.869,5,41,46,89,15,2,21,31,254,brunsja01
111,Reggie Bullock,SF,31,DAL,12,12,344,19,64,.297,15,51,.294,4,13,.308,.414,3,5,.600,5,30,35,12,14,2,7,35,56,bullore01
112,Immanuel Quickley,PG,23,NYK,13,0,278,39,106,.368,14,50,.280,25,56,.446,.434,22,27,.815,8,56,64,42,15,2,18,23,114,quickim01
113,Jalen McDaniels,SF,25,CHO,14,1,369,51,118,.432,20,49,.408,31,69,.449,.517,16,19,.842,16,55,71,34,16,8,19,37,138,mcdanja01
114,Cedi Osman,SF,27,CLE,13,0,278,40,91,.440,19,49,.388,21,42,.500,.544,17,24,.708,3,28,31,24,1,1,11,28,116,osmande01
115,Jalen Smith,PF,22,IND,12,12,286,50,113,.442,16,49,.327,34,64,.531,.513,16,24,.667,21,70,91,13,2,9,19,27,132,smithja04
116,John Konchar,SG,26,MEM,13,5,336,34,77,.442,19,48,.396,15,29,.517,.565,1,2,.500,19,53,72,14,13,4,6,21,88,konchjo01
117,De'Anthony Melton,PG,24,PHI,12,5,293,42,97,.433,16,48,.333,26,49,.531,.515,5,7,.714,14,37,51,32,19,6,11,19,105,meltode01
118,Goran Dragić,PG,36,CHI,14,0,270,53,116,.457,22,47,.468,31,69,.449,.552,13,17,.765,8,18,26,50,4,3,20,20,141,dragigo01
119,Patty Mills,PG,34,BRK,14,0,180,24,60,.400,18,47,.383,6,13,.462,.550,10,10,1.000,4,7,11,12,3,1,3,7,76,millspa02
120,Isaiah Livers,PF,24,DET,12,0,227,22,59,.373,18,47,.383,4,12,.333,.525,8,11,.727,9,24,33,6,4,6,7,26,70,liveris01
121,Kenyon Martin Jr.,SF,22,HOU,13,3,332,55,107,.514,16,47,.340,39,60,.650,.589,20,30,.667,17,48,65,21,6,8,16,29,146,martike04
122,Kelly Olynyk,PF,31,UTA,15,15,402,65,119,.546,23,46,.500,42,73,.575,.643,31,40,.775,18,47,65,47,19,7,38,65,184,olynyke01
123,Al Horford,C,36,BOS,10,10,314,43,77,.558,22,46,.478,21,31,.677,.701,4,7,.571,9,52,61,21,4,7,7,21,112,horfoal01
124,Cameron Payne,PG,28,PHO,10,2,210,46,103,.447,19,46,.413,27,57,.474,.539,10,12,.833,3,22,25,37,10,1,20,15,121,payneca01
125,Derrick White,SG,28,BOS,13,10,325,37,89,.416,18,46,.391,19,43,.442,.517,17,20,.850,8,36,44,38,6,12,7,37,109,whitede01
126,Bobby Portis,PF,27,MIL,12,3,321,64,143,.448,16,46,.348,48,97,.495,.503,16,20,.800,33,99,132,24,5,3,13,14,160,portibo01
127,Norman Powell,SG,29,LAC,13,5,329,56,129,.434,14,46,.304,42,83,.506,.488,29,38,.763,5,30,35,17,11,4,25,25,155,powelno01
128,Taurean Prince,SF,28,MIN,14,0,278,41,82,.500,19,45,.422,22,37,.595,.616,16,17,.941,6,30,36,15,4,3,12,35,117,princta02
129,Collin Sexton,SG,24,UTA,15,1,332,71,150,.473,17,45,.378,54,105,.514,.530,51,64,.797,14,29,43,27,11,1,25,33,210,sextoco01
130,Talen Horton-Tucker,SG,22,UTA,15,0,249,44,110,.400,12,45,.267,32,65,.492,.455,17,22,.773,9,33,42,38,13,5,13,21,117,hortota01
131,Luke Kennard,SG,26,LAC,12,5,268,38,74,.514,21,44,.477,17,30,.567,.655,3,3,1.000,4,35,39,7,6,0,13,18,100,kennalu01
132,David Roddy,PF,21,MEM,14,0,251,31,83,.373,11,44,.250,20,39,.513,.440,7,10,.700,12,26,38,9,7,5,7,21,80,roddyda01
133,Jose Alvarado,PG,24,NOP,13,2,244,38,81,.469,18,43,.419,20,38,.526,.580,6,9,.667,5,21,26,36,12,2,17,26,100,alvarjo01
134,Troy Brown Jr.,SF,23,LAL,11,9,302,41,92,.446,14,43,.326,27,49,.551,.522,8,8,1.000,10,46,56,9,9,0,10,22,104,browntr01
135,Paolo Banchero,PF,20,ORL,11,11,381,89,193,.461,11,43,.256,78,150,.520,.490,70,91,.769,9,82,91,40,8,10,33,26,259,banchpa01
136,Devonte' Graham,PG,27,NOP,13,0,213,20,53,.377,17,42,.405,3,11,.273,.538,7,10,.700,1,14,15,31,7,3,6,11,64,grahade01
137,Wendell Carter Jr.,C,23,ORL,13,13,427,73,145,.503,14,42,.333,59,103,.573,.552,48,57,.842,29,94,123,40,8,6,33,43,208,cartewe01
138,Bruce Brown,PG,26,DEN,13,3,360,51,113,.451,16,41,.390,35,72,.486,.522,12,15,.800,16,35,51,54,10,7,19,24,130,brownbr01
139,Grant Williams,PF,24,BOS,12,4,338,39,64,.609,20,40,.500,19,24,.792,.766,16,20,.800,9,49,58,23,7,8,9,33,114,willigr01
140,Patrick Williams,PF,21,CHI,14,14,352,51,110,.464,15,40,.375,36,70,.514,.532,13,14,.929,17,35,52,11,11,16,21,27,130,willipa01
141,Chuma Okeke,PF,24,ORL,13,2,261,24,58,.414,14,40,.350,10,18,.556,.534,13,17,.765,18,40,58,22,5,6,8,23,75,okekech01
142,Garrison Mathews,SG,26,HOU,12,0,150,14,41,.341,14,40,.350,0,1,.000,.512,8,8,1.000,1,9,10,5,3,1,5,15,50,mathega01
143,Bradley Beal,SG,29,WAS,9,9,316,74,143,.517,13,40,.325,61,103,.592,.563,33,36,.917,6,26,32,51,8,7,24,18,194,bealbr01
144,Mike Muscala,C,31,OKC,11,1,152,27,62,.435,13,40,.325,14,22,.636,.540,11,14,.786,7,39,46,8,0,6,6,19,78,muscami01
145,Harrison Barnes,PF,30,SAC,12,12,381,41,99,.414,9,40,.225,32,59,.542,.460,40,49,.816,14,51,65,25,9,3,13,16,131,barneha02
146,Jeremiah Robinson-Earl,PF,22,OKC,12,10,220,38,74,.514,17,39,.436,21,35,.600,.628,7,11,.636,13,34,47,9,11,4,6,23,100,robinje02
147,Damion Lee,SG,30,PHO,12,0,227,24,60,.400,17,39,.436,7,21,.333,.542,12,14,.857,5,24,29,13,7,0,6,19,77,leeda03
148,Aleksej Pokusevski,PF,21,OKC,11,7,256,41,92,.446,14,39,.359,27,53,.509,.522,7,13,.538,19,38,57,18,9,17,18,17,103,pokusal01
149,Trey Lyles,PF,27,SAC,10,0,143,20,51,.392,14,39,.359,6,12,.500,.529,6,9,.667,4,21,25,10,4,5,10,12,60,lylestr01
150,Monte Morris,PG,27,WAS,14,14,386,47,113,.416,13,39,.333,34,74,.459,.473,15,21,.714,7,47,54,71,10,4,13,15,122,morrimo01
151,Cam Reddish,SF,23,NYK,13,5,277,41,93,.441,13,39,.333,28,54,.519,.511,13,15,.867,4,20,24,14,9,6,9,22,108,reddica01
152,Malcolm Brogdon,PG,30,BOS,11,0,253,53,111,.477,14,38,.368,39,73,.534,.541,31,36,.861,10,32,42,39,6,2,22,14,151,brogdma01
153,Chris Duarte,SF,25,IND,9,5,177,28,71,.394,13,38,.342,15,33,.455,.486,11,12,.917,4,15,19,9,1,4,8,16,80,duartch01
154,Pascal Siakam,C,28,TOR,9,9,321,80,167,.479,13,38,.342,67,129,.519,.518,50,69,.725,16,68,84,69,8,5,24,28,223,siakapa01
155,Joel Embiid,C,28,PHI,10,10,352,108,201,.537,9,38,.237,99,163,.607,.560,98,118,.831,16,85,101,41,6,18,42,34,323,embiijo01
156,Davion Mitchell,PG,24,SAC,12,1,226,33,72,.458,13,37,.351,20,35,.571,.549,2,3,.667,1,15,16,21,6,0,16,20,81,mitchda01
157,Chris Boucher,PF,30,TOR,11,0,236,45,90,.500,13,37,.351,32,53,.604,.572,22,32,.688,25,36,61,7,10,12,12,32,125,bouchch01
158,Jordan Nwora,SF,24,MIL,12,1,215,23,78,.295,11,37,.297,12,41,.293,.365,13,13,1.000,11,38,49,10,4,1,10,12,70,nworajo01
159,John Wall,PG,32,LAC,10,0,226,49,113,.434,9,37,.243,40,76,.526,.473,19,33,.576,4,19,23,51,11,3,15,17,126,walljo01
160,Dean Wade,PF,26,CLE,11,4,251,27,51,.529,18,36,.500,9,15,.600,.706,8,11,.727,5,31,36,11,6,4,4,27,80,wadede01
161,Jaden McDaniels,PF,22,MIN,14,14,414,61,109,.560,13,36,.361,48,73,.658,.619,22,29,.759,20,27,47,16,17,17,21,53,157,mcdanja02
162,Austin Reaves,SG,24,LAL,13,4,350,34,71,.479,13,36,.361,21,35,.600,.570,29,33,.879,9,33,42,21,6,4,14,16,110,reaveau01
163,Terence Davis,SG,25,SAC,11,0,139,23,53,.434,12,36,.333,11,17,.647,.547,12,14,.857,5,22,27,14,7,2,5,19,70,daviste02
164,Deni Avdija,SF,22,WAS,14,11,315,34,88,.386,11,36,.306,23,52,.442,.449,17,22,.773,9,52,61,27,9,8,17,41,96,avdijde01
165,Jalen Suggs,PG,21,ORL,8,7,230,39,85,.459,10,36,.278,29,49,.592,.518,16,26,.615,5,17,22,39,14,3,25,29,104,suggsja01
166,John Collins,PF,25,ATL,13,13,408,62,123,.504,9,36,.250,53,87,.609,.541,28,30,.933,19,84,103,14,9,17,18,42,161,collijo01
167,Andrew Nembhard,SG,23,IND,11,3,221,27,64,.422,14,35,.400,13,29,.448,.531,5,5,1.000,4,21,25,37,8,1,12,24,73,nembhan01
168,Aaron Gordon,PF,27,DEN,13,13,377,72,125,.576,11,35,.314,61,90,.678,.620,33,53,.623,29,60,89,33,7,11,16,19,188,gordoaa01
169,Wesley Matthews,SG,36,MIL,12,0,200,14,45,.311,11,35,.314,3,10,.300,.433,5,6,.833,13,17,30,8,9,4,6,21,44,matthwe02
170,Kendrick Nunn,PG,27,LAL,11,2,148,21,68,.309,8,35,.229,13,33,.394,.368,2,3,.667,1,15,16,14,2,1,15,10,52,nunnke01
171,Mikal Bridges,SF,26,PHO,12,12,438,71,128,.555,15,34,.441,56,94,.596,.613,31,35,.886,15,47,62,38,12,12,14,25,188,bridgmi01
172,Derrick Rose,PG,34,NYK,13,0,173,31,81,.383,12,34,.353,19,47,.404,.457,7,7,1.000,4,21,25,28,5,2,15,8,81,rosede01
173,Moses Moody,SG,20,GSW,11,1,186,22,54,.407,12,34,.353,10,20,.500,.519,12,15,.800,5,19,24,5,5,5,15,13,68,moodymo01
174,Coby White,PG,22,CHI,7,0,153,21,55,.382,10,34,.294,11,21,.524,.473,5,9,.556,1,11,12,12,5,0,6,14,57,whiteco01
175,Rudy Gay,SF,36,UTA,12,0,189,21,58,.362,9,34,.265,12,24,.500,.440,3,6,.500,6,35,41,10,5,6,10,16,54,gayru01
176,Patrick Beverley,PG,34,LAL,11,11,309,15,54,.278,8,34,.235,7,20,.350,.352,13,15,.867,9,32,41,33,12,5,10,35,51,beverpa01
177,Torrey Craig,SF,32,PHO,12,4,230,26,55,.473,13,33,.394,13,22,.591,.591,4,6,.667,17,29,46,16,6,6,8,23,69,craigto01
178,Landry Shamet,SG,25,PHO,9,0,146,20,50,.400,12,33,.364,8,17,.471,.520,11,13,.846,2,4,6,11,5,1,8,12,63,shamela01
179,Shai Gilgeous-Alexander,SG,24,OKC,12,12,431,138,254,.543,12,33,.364,126,221,.570,.567,85,91,.934,10,43,53,68,25,18,40,30,373,gilgesh01
180,Alex Caruso,PG,28,CHI,14,5,353,18,56,.321,10,33,.303,8,23,.348,.411,15,20,.750,8,38,46,53,22,14,26,28,61,carusal01
181,Chris Paul,PG,37,PHO,10,10,302,28,76,.368,9,33,.273,19,43,.442,.428,30,34,.882,5,40,45,94,17,2,15,23,95,paulch01
182,MarJon Beauchamp,SF,22,MIL,9,3,147,21,56,.375,9,33,.273,12,23,.522,.455,4,7,.571,8,21,29,3,6,1,10,19,55,beaucma01
183,Brandon Ingram,SF,25,NOP,9,9,293,71,147,.483,15,32,.469,56,115,.487,.534,36,44,.818,5,47,52,36,8,8,28,25,193,ingrabr01
184,Josh Giddey,SG,20,OKC,10,10,300,64,136,.471,11,32,.344,53,104,.510,.511,8,12,.667,16,57,73,57,5,5,33,21,147,giddejo01
185,Maxi Kleber,C,31,DAL,12,0,311,20,51,.392,9,32,.281,11,19,.579,.480,9,12,.750,11,35,46,11,6,8,8,22,58,klebima01
186,Killian Hayes,PG,21,DET,14,1,287,29,98,.296,8,32,.250,21,66,.318,.337,8,10,.800,7,28,35,50,11,4,24,33,74,hayeski01
187,Christian Wood,PF,27,DAL,10,0,247,58,101,.574,13,31,.419,45,70,.643,.639,30,44,.682,13,62,75,8,5,5,24,28,159,woodch01
188,Tre Jones,PG,23,SAS,13,13,396,57,138,.413,13,31,.419,44,107,.411,.460,33,36,.917,9,41,50,86,18,3,26,28,160,jonestr01
189,Jake LaRavia,PF,21,MEM,11,0,206,21,47,.447,13,31,.419,8,16,.500,.585,5,5,1.000,9,31,40,8,6,3,9,27,60,laravja01
190,Matt Ryan,SF,25,LAL,10,0,122,15,44,.341,13,31,.419,2,13,.154,.489,4,5,.800,2,11,13,3,2,0,3,14,47,ryanma01
191,Rui Hachimura,PF,24,WAS,14,0,329,64,139,.460,9,30,.300,55,109,.505,.493,21,29,.724,11,57,68,12,2,8,21,16,158,hachiru01
192,Edmond Sumner,SG,27,BRK,12,6,207,32,75,.427,9,30,.300,23,45,.511,.487,21,22,.955,4,18,22,18,12,4,16,16,94,sumneed01
193,Nicolas Batum,PF,34,LAC,13,1,229,15,42,.357,9,30,.300,6,12,.500,.464,7,9,.778,10,40,50,20,5,12,11,31,46,batumni01
194,Giannis Antetokounmpo,PF,28,MIL,9,9,295,103,190,.542,8,30,.267,95,160,.594,.563,72,111,.649,17,93,110,48,10,13,30,26,286,antetgi01
195,Jeremy Sochan,PF,19,SAS,12,12,286,38,77,.494,6,30,.200,32,47,.681,.532,4,7,.571,13,32,45,19,11,6,12,28,86,sochaje01
196,Nassir Little,PF,22,POR,13,0,199,33,61,.541,13,28,.464,20,33,.606,.648,7,12,.583,4,28,32,12,4,2,7,9,86,littlna01
197,Gordon Hayward,SF,32,CHO,8,8,248,50,106,.472,10,28,.357,40,78,.513,.519,29,37,.784,4,30,34,33,6,2,22,6,139,haywago01
198,Dennis Smith Jr.,PG,25,CHO,13,11,383,58,125,.464,10,28,.357,48,97,.495,.504,6,11,.545,9,38,47,80,25,8,21,32,132,smithde03
199,Caleb Martin,PF,27,MIA,12,12,340,40,94,.426,9,28,.321,31,66,.470,.473,8,11,.727,23,30,53,21,15,1,11,26,97,martica02
200,Aaron Nesmith,SF,23,IND,8,4,169,22,53,.415,9,28,.321,13,25,.520,.500,9,11,.818,3,23,26,14,2,7,9,22,62,nesmiaa01
201,Nikola Jokić,C,27,DEN,13,13,404,103,170,.606,8,28,.286,95,142,.669,.629,56,64,.875,20,103,123,116,19,8,41,35,270,jokicni01
202,Precious Achiuwa,C,23,TOR,12,0,245,36,92,.391,5,28,.179,31,64,.484,.418,28,33,.848,24,60,84,16,2,7,15,19,105,achiupr01
203,Shaedon Sharpe,SG,19,POR,12,4,250,44,85,.518,12,27,.444,32,58,.552,.588,8,11,.727,10,21,31,5,4,3,9,25,108,sharpsh01
204,Seth Curry,SG,32,BRK,5,0,97,17,40,.425,11,27,.407,6,13,.462,.563,4,5,.800,1,7,8,11,3,1,2,8,49,curryse01
205,Jimmy Butler,SF,33,MIA,11,11,391,76,156,.487,10,27,.370,66,129,.512,.519,81,91,.890,22,50,72,67,21,2,17,16,243,butleji01
206,Myles Turner,C,26,IND,7,7,198,38,75,.507,10,27,.370,28,48,.583,.573,39,46,.848,11,50,61,10,2,22,13,26,125,turnemy01
207,Naji Marshall,SF,25,NOP,13,4,256,34,77,.442,10,27,.370,24,50,.480,.506,12,17,.706,13,24,37,18,9,3,12,18,90,marshna01
208,Mo Bamba,C,24,ORL,12,0,175,30,59,.508,8,27,.296,22,32,.688,.576,7,12,.583,8,36,44,12,2,8,8,23,75,bambamo01
209,George Hill,PG,36,MIL,12,0,272,20,53,.377,6,26,.231,14,27,.519,.434,20,28,.714,5,16,21,31,5,1,8,18,66,hillge01
210,Tari Eason,PF,21,HOU,13,0,239,41,96,.427,11,25,.440,30,71,.423,.484,15,19,.789,28,36,64,16,20,7,11,31,108,easonta01
211,Yuta Watanabe,SF,28,BRK,11,0,183,27,45,.600,12,24,.500,15,21,.714,.733,1,3,.333,7,22,29,7,3,7,3,11,67,watanyu01
212,P.J. Tucker,PF,37,PHI,14,14,398,27,47,.574,11,24,.458,16,23,.696,.691,3,4,.750,18,43,61,11,8,7,15,36,68,tuckepj01
213,AJ Griffin,SF,19,ATL,9,0,109,24,47,.511,11,24,.458,13,23,.565,.628,3,3,1.000,4,10,14,5,6,0,3,8,62,griffaj01
214,Dalano Banton,PG,23,TOR,13,0,123,24,56,.429,8,24,.333,16,32,.500,.500,8,10,.800,6,9,15,12,5,8,8,10,64,bantoda01
215,Keon Johnson,SG,20,POR,6,0,106,16,45,.356,8,23,.348,8,22,.364,.444,2,6,.333,3,12,15,10,5,2,13,10,42,johnske07
216,Josh Hart,SG,27,POR,13,13,472,40,97,.412,7,23,.304,33,74,.446,.448,28,41,.683,22,91,113,57,15,2,23,32,115,hartjo01
217,Jock Landale,C,27,PHO,12,0,186,36,72,.500,3,23,.130,33,49,.673,.521,19,24,.792,21,33,54,11,4,10,9,33,94,landajo01
218,Josh Green,SG,22,DAL,12,0,226,25,40,.625,11,22,.500,14,18,.778,.763,14,22,.636,11,16,27,11,13,1,9,24,75,greenjo02
219,Daishen Nix,PG,20,HOU,11,0,152,13,34,.382,10,22,.455,3,12,.250,.529,3,4,.750,3,11,14,24,9,1,16,9,39,nixda01
220,Ousmane Dieng,SF,19,OKC,9,0,135,12,36,.333,5,22,.227,7,14,.500,.403,1,2,.500,3,17,20,15,1,2,3,5,30,diengou01
221,Javonte Green,SG,29,CHI,14,0,244,32,59,.542,8,21,.381,24,38,.632,.610,12,15,.800,16,29,45,13,16,10,10,30,84,greenja02
222,Danuel House Jr.,SF,29,PHI,12,0,202,15,35,.429,7,21,.333,8,14,.571,.529,10,14,.714,4,16,20,10,6,3,6,17,47,houseda01
223,Kenrich Williams,PF,28,OKC,12,2,247,30,62,.484,6,21,.286,24,41,.585,.532,3,9,.333,24,28,52,20,8,2,4,24,69,willike04
224,R.J. Hampton,PG,21,ORL,11,0,168,24,46,.522,11,20,.550,13,26,.500,.641,13,14,.929,6,12,18,15,8,4,11,14,72,hamptrj01
225,Cole Anthony,PG,22,ORL,4,3,122,22,53,.415,7,20,.350,15,33,.455,.481,11,15,.733,3,16,19,17,3,3,8,14,62,anthoco01
226,Aaron Wiggins,SG,24,OKC,10,4,214,21,51,.412,7,20,.350,14,31,.452,.480,11,14,.786,7,34,41,20,6,4,8,19,60,wiggiaa01
227,Naz Reid,C,23,MIN,9,0,118,31,53,.585,6,20,.300,25,33,.758,.642,8,12,.667,6,18,24,3,4,7,7,17,76,reidna01
228,Justise Winslow,SF,26,POR,11,4,293,35,89,.393,5,20,.250,30,69,.435,.421,12,18,.667,19,34,53,39,14,6,14,28,87,winslju01
229,Terance Mann,SG,26,LAC,13,5,232,36,62,.581,5,20,.250,31,42,.738,.621,6,11,.545,8,30,38,18,7,4,11,21,83,mannte01
230,DeMar DeRozan,SF,33,CHI,14,14,473,114,224,.509,4,20,.200,110,204,.539,.518,102,115,.887,5,50,55,59,16,6,32,36,334,derozde01
231,JT Thor,PF,20,CHO,13,0,143,12,38,.316,4,20,.200,8,18,.444,.368,7,9,.778,8,20,28,8,3,5,9,7,35,thorjt01
232,Bol Bol,PF,23,ORL,13,8,306,59,88,.670,10,19,.526,49,69,.710,.727,21,25,.840,17,80,97,7,2,25,23,21,149,bolbo01
233,Malachi Flynn,PG,24,TOR,8,0,80,15,35,.429,9,19,.474,6,16,.375,.557,6,7,.857,1,7,8,5,3,1,3,11,45,flynnma01
234,Jordan McLaughlin,PG,26,MIN,12,0,187,15,40,.375,2,19,.105,13,21,.619,.400,6,6,1.000,4,20,24,46,6,1,8,6,38,mclaujo01
235,Corey Kispert,SF,23,WAS,6,5,145,19,34,.559,8,18,.444,11,16,.688,.676,7,8,.875,0,13,13,10,5,0,4,7,53,kispeco01
236,Isaiah Joe,SG,23,OKC,10,0,60,13,24,.542,8,18,.444,5,6,.833,.708,4,4,1.000,0,9,9,6,3,1,3,7,38,joeis01
237,Zach Collins,PF,25,SAS,9,0,159,31,59,.525,7,18,.389,24,41,.585,.585,6,9,.667,12,30,42,25,6,11,17,27,75,colliza01
238,Darius Bazley,PF,22,OKC,11,0,184,27,64,.422,7,18,.389,20,46,.435,.477,5,11,.455,18,34,52,17,9,14,6,16,66,bazleda01
239,Cory Joseph,PG,31,DET,12,2,149,13,33,.394,7,18,.389,6,15,.400,.500,9,11,.818,2,9,11,29,3,1,5,18,42,josepco01
240,Théo Maledon,PG,21,CHO,13,0,173,20,40,.500,6,18,.333,14,22,.636,.575,7,8,.875,1,26,27,28,5,3,14,12,53,maledth01
241,Jeff Green,PF,36,DEN,13,0,258,38,73,.521,5,18,.278,33,55,.600,.555,20,27,.741,11,25,36,16,6,3,13,26,101,greenje02
242,Herbert Jones,SF,24,NOP,9,9,269,33,71,.465,2,18,.111,31,53,.585,.479,26,33,.788,12,20,32,18,10,5,9,33,94,joneshe01
243,Caleb Houstan,SF,20,ORL,9,0,157,9,26,.346,5,17,.294,4,9,.444,.442,5,6,.833,3,13,16,4,2,1,4,13,28,houstca01
244,JaMychal Green,PF,32,GSW,10,0,171,19,44,.432,4,17,.235,15,27,.556,.477,4,5,.800,20,27,47,6,10,5,10,21,46,greenja01
245,Jalen Johnson,SF,21,ATL,13,0,182,22,49,.449,3,17,.176,19,32,.594,.480,8,12,.667,6,36,42,9,9,3,6,18,55,johnsja05
246,Aaron Holiday,PG,26,ATL,13,1,249,25,56,.446,8,16,.500,17,40,.425,.518,8,9,.889,6,11,17,23,10,3,12,21,66,holidaa01
247,Jarred Vanderbilt,PF,23,UTA,13,13,323,47,82,.573,7,16,.438,40,66,.606,.616,11,17,.647,31,76,107,35,17,5,23,48,112,vandeja01
248,Anthony Lamb,SF,25,GSW,5,1,99,15,27,.556,7,16,.438,8,11,.727,.685,0,0,,4,11,15,6,4,0,4,13,37,lamban01
249,Jonas Valančiūnas,C,30,NOP,13,13,316,65,129,.504,6,16,.375,59,113,.522,.527,44,52,.846,43,88,131,27,7,4,17,28,180,valanjo01
250,Christian Braun,SG,21,DEN,12,0,188,19,40,.475,6,16,.375,13,24,.542,.550,4,6,.667,7,19,26,14,6,2,5,11,48,braunch01
251,Ty Jerome,SG,25,GSW,8,0,120,16,30,.533,6,16,.375,10,14,.714,.633,10,10,1.000,1,7,8,15,1,1,2,9,48,jeromty01
252,Otto Porter Jr.,SF,29,TOR,7,1,134,15,28,.536,6,16,.375,9,12,.750,.643,8,8,1.000,6,12,18,8,11,0,3,7,44,porteot01
253,Anthony Davis,C,29,LAL,12,12,414,116,214,.542,4,16,.250,112,198,.566,.551,55,70,.786,43,91,134,30,16,22,19,37,291,davisan02
254,Jalen Williams,SG,21,OKC,9,2,192,31,58,.534,3,16,.188,28,42,.667,.560,5,5,1.000,3,16,19,22,9,3,12,23,70,willija06
255,Matisse Thybulle,SG,25,PHI,13,3,170,8,27,.296,3,16,.188,5,11,.455,.352,1,3,.333,4,16,20,8,13,5,2,17,20,thybuma01
256,Kevin Knox,SF,23,DET,8,0,65,6,24,.250,2,16,.125,4,8,.500,.292,0,0,,2,6,8,1,1,1,4,10,14,knoxke01
257,Jordan Goodwin,PG,24,WAS,8,0,151,22,40,.550,8,15,.533,14,25,.560,.650,3,4,.750,10,24,34,25,6,7,5,13,55,goodwjo01
258,Markieff Morris,PF,33,BRK,8,0,77,7,22,.318,6,15,.400,1,7,.143,.455,0,0,,2,14,16,9,2,2,7,10,20,morrima02
259,Cam Thomas,SG,21,BRK,9,0,175,25,64,.391,5,15,.333,20,49,.408,.430,29,34,.853,1,15,16,20,7,2,8,10,84,thomaca02
260,Malaki Branham,SF,19,SAS,4,2,78,8,28,.286,3,15,.200,5,13,.385,.339,5,6,.833,2,7,9,8,1,0,3,3,24,branhma01
261,Robert Covington,PF,32,LAC,7,0,100,9,21,.429,5,14,.357,4,7,.571,.548,6,6,1.000,1,22,23,8,3,5,4,16,29,covinro01
262,Gorgui Dieng,C,33,SAS,6,0,55,8,17,.471,5,14,.357,3,3,1.000,.618,0,0,,4,8,12,11,1,4,7,9,21,dienggo01
263,Keita Bates-Diop,SF,27,SAS,12,2,147,30,59,.508,4,14,.286,26,45,.578,.542,16,19,.842,11,15,26,5,5,0,14,6,80,bateske01
264,Bryn Forbes,SG,29,MIN,8,0,87,9,29,.310,4,14,.286,5,15,.333,.379,4,4,1.000,3,2,5,8,7,0,3,5,26,forbebr01
265,Domantas Sabonis,PF,26,SAC,12,12,384,78,140,.557,3,14,.214,75,126,.595,.568,56,79,.709,31,105,136,75,11,6,27,47,215,sabondo01
266,Isaiah Hartenstein,C,24,NYK,13,3,326,44,79,.557,3,14,.214,41,65,.631,.576,11,14,.786,48,60,108,12,9,16,15,37,102,harteis01
267,Isaac Okoro,SG,22,CLE,13,3,205,12,36,.333,1,14,.071,11,22,.500,.347,9,12,.750,5,14,19,5,7,1,11,26,34,okorois01
268,Kyle Anderson,PF,29,MIN,10,2,193,22,40,.550,6,13,.462,16,27,.593,.625,11,13,.846,4,25,29,29,8,5,8,12,61,anderky01
269,Dewayne Dedmon,C,33,MIA,11,0,133,23,42,.548,5,13,.385,18,29,.621,.607,13,16,.813,9,28,37,8,1,4,6,24,64,dedmode01
270,Nickeil Alexander-Walker,SG,24,UTA,9,0,70,9,27,.333,4,13,.308,5,14,.357,.407,4,5,.800,0,6,6,10,5,3,5,11,26,alexani01
271,Alperen Şengün,C,20,HOU,11,8,289,64,111,.577,3,13,.231,61,98,.622,.590,46,58,.793,41,59,100,22,8,11,21,37,177,sengual01
272,Draymond Green,PF,32,GSW,12,12,365,43,76,.566,3,12,.250,40,64,.625,.586,10,17,.588,8,69,77,80,11,7,30,43,99,greendr01
273,Joshua Primo,SG,20,SAS,4,0,93,9,26,.346,3,12,.250,6,14,.429,.404,7,9,.778,2,11,13,18,1,2,11,8,28,primojo01
274,Delon Wright,PG,30,WAS,4,0,91,10,24,.417,3,12,.250,7,12,.583,.479,3,5,.600,4,6,10,13,11,4,4,5,26,wrighde01
275,Josh Christopher,SG,21,HOU,9,0,75,11,30,.367,1,12,.083,10,18,.556,.383,1,2,.500,3,11,14,5,3,0,6,5,24,chrisjo01
276,Jusuf Nurkić,C,28,POR,10,10,295,48,97,.495,6,11,.545,42,86,.488,.526,28,32,.875,31,81,112,25,9,8,25,31,130,nurkiju01
277,Eugene Omoruyi,SF,25,OKC,6,0,69,15,26,.577,6,11,.545,9,15,.600,.692,7,11,.636,5,7,12,2,1,0,4,17,43,omorueu01
278,Max Christie,SG,19,LAL,8,0,92,8,17,.471,6,11,.545,2,6,.333,.647,3,4,.750,1,20,21,4,3,0,2,4,25,chrisma02
279,Kevon Harris,SG,25,ORL,9,0,122,10,31,.323,4,11,.364,6,20,.300,.387,11,14,.786,8,13,21,5,4,0,8,16,35,harrike01
280,Derrick Jones Jr.,SF,25,CHI,12,0,173,20,45,.444,3,11,.273,17,34,.500,.478,26,31,.839,13,19,32,7,5,10,2,15,69,jonesde02
281,Payton Pritchard,PG,25,BOS,6,0,60,11,25,.440,3,11,.273,8,14,.571,.500,2,4,.500,5,6,11,7,1,0,8,3,27,pritcpa01
282,Simone Fontecchio,SF,27,UTA,7,0,32,6,16,.375,3,11,.273,3,5,.600,.469,0,0,,2,4,6,0,1,0,3,5,15,fontesi01
283,Evan Mobley,PF,21,CLE,13,13,441,78,141,.553,2,11,.182,76,130,.585,.560,34,48,.708,31,67,98,28,12,18,31,40,192,mobleev01
284,Juan Toscano-Anderson,SF,29,LAL,10,0,123,10,25,.400,2,11,.182,8,14,.571,.440,4,5,.800,1,20,21,5,3,3,8,17,26,toscaju01
285,Jonathan Kuminga,PF,20,GSW,10,1,131,15,39,.385,1,11,.091,14,28,.500,.397,11,13,.846,6,11,17,6,3,3,12,18,42,kuminjo01
286,Serge Ibaka,PF,33,MIL,10,0,116,16,31,.516,4,10,.400,12,21,.571,.581,7,11,.636,10,23,33,3,0,6,7,15,43,ibakase01
287,Donte DiVincenzo,SG,26,GSW,5,0,82,6,15,.400,3,10,.300,3,5,.600,.500,5,6,.833,0,8,8,8,1,0,8,8,20,divindo01
288,Chimezie Metu,C,25,SAC,8,0,93,16,32,.500,1,10,.100,15,22,.682,.516,5,6,.833,2,18,20,8,3,1,2,8,38,metuch01
289,Oshae Brissett,SF,24,IND,7,0,66,5,17,.294,1,10,.100,4,7,.571,.324,3,4,.750,4,7,11,2,1,0,4,2,14,brissos01
290,Raul Neto,PG,30,CLE,8,0,91,10,25,.400,3,9,.333,7,16,.438,.460,6,6,1.000,2,10,12,13,4,0,4,6,29,netora01
291,Anthony Gill,PF,30,WAS,13,4,173,21,37,.568,2,9,.222,19,28,.679,.595,6,6,1.000,10,14,24,9,3,1,2,21,50,gillan01
292,Dario Šarić,PF,28,PHO,7,0,63,7,23,.304,2,9,.222,5,14,.357,.348,1,2,.500,9,11,20,6,3,0,3,8,17,saricda01
293,LaMelo Ball,PG,21,CHO,1,1,28,6,17,.353,1,9,.111,5,8,.625,.382,2,2,1.000,0,6,6,6,1,0,2,5,15,ballla01
294,Larry Nance Jr.,PF,30,NOP,12,0,278,50,75,.667,4,8,.500,46,67,.687,.693,8,12,.667,21,47,68,27,10,6,14,27,112,nancela02
295,Blake Griffin,PF,33,BOS,6,2,72,8,18,.444,3,8,.375,5,10,.500,.528,5,6,.833,6,12,18,5,2,0,4,10,24,griffbl01
296,Terry Taylor,SG,23,IND,8,2,94,7,21,.333,2,8,.250,5,13,.385,.381,3,4,.750,6,9,15,5,2,4,1,9,19,taylote01
297,Quentin Grimes,SG,22,NYK,5,1,40,3,9,.333,2,8,.250,1,1,1.000,.444,2,2,1.000,1,2,3,2,0,1,2,6,10,grimequ01
298,Hamidou Diallo,SG,24,DET,14,0,193,29,74,.392,1,8,.125,28,66,.424,.399,20,30,.667,16,26,42,10,7,2,10,30,79,diallha01
299,Thaddeus Young,PF,34,TOR,11,1,140,15,32,.469,1,8,.125,14,24,.583,.484,6,8,.750,13,17,30,13,10,1,6,12,37,youngth01
300,Duane Washington Jr.,SG,22,PHO,5,0,17,4,15,.267,1,8,.125,3,7,.429,.300,0,0,,0,0,0,1,0,0,1,1,9,washidu02
301,Davon Reed,SG,27,DEN,9,0,52,5,15,.333,4,7,.571,1,8,.125,.467,1,2,.500,0,4,4,1,3,0,8,5,15,reedda01
302,Deandre Ayton,C,24,PHO,10,10,266,64,115,.557,3,7,.429,61,108,.565,.570,14,19,.737,22,51,73,15,6,6,21,32,145,aytonde01
303,Juancho Hernangómez,PF,27,TOR,7,0,67,5,10,.500,3,7,.429,2,3,.667,.650,1,2,.500,3,13,16,6,4,2,2,5,14,hernaju01
304,Isaiah Roby,PF,24,SAS,8,0,72,9,21,.429,2,7,.286,7,14,.500,.476,2,6,.333,3,13,16,9,5,2,2,5,22,robyis01
305,Shake Milton,SG,26,PHI,10,0,124,17,37,.459,1,7,.143,16,30,.533,.473,4,6,.667,5,15,20,14,0,2,12,14,39,miltosh01
306,Goga Bitadze,C,23,IND,8,0,105,14,27,.519,1,7,.143,13,20,.650,.537,7,14,.500,13,14,27,12,4,4,6,18,36,bitadgo01
307,Romeo Langford,SG,23,SAS,7,2,114,13,31,.419,1,7,.143,12,24,.500,.435,3,4,.750,10,4,14,3,3,2,5,10,30,langfro01
308,Josh Okogie,SG,24,PHO,11,0,57,4,14,.286,0,7,.000,4,7,.571,.286,4,6,.667,3,10,13,0,3,2,5,7,12,okogijo01
309,Zion Williamson,PF,22,NOP,11,11,354,99,175,.566,3,6,.500,96,169,.568,.574,58,81,.716,23,47,70,43,12,3,30,30,259,willizi01
310,Kawhi Leonard,SF,31,LAC,2,0,42,8,18,.444,1,6,.167,7,12,.583,.472,8,9,.889,4,9,13,4,3,0,4,5,25,leonaka01
311,Kennedy Chandler,PG,20,MEM,6,0,58,6,19,.316,1,6,.167,5,13,.385,.342,1,4,.250,1,5,6,12,2,2,6,3,14,chandke01
312,Lindy Waters III,SG,25,OKC,2,0,16,1,6,.167,1,6,.167,0,0,,.250,0,0,,1,1,2,0,0,0,0,0,3,waterli01
313,Ochai Agbaji,SG,22,UTA,6,0,67,8,19,.421,0,6,.000,8,13,.615,.421,4,7,.571,4,6,10,1,0,0,0,6,20,agbajoc01
314,Usman Garuba,PF,20,HOU,11,1,165,16,29,.552,4,5,.800,12,24,.500,.621,5,11,.455,25,36,61,12,10,5,14,19,41,garubus01
315,Dyson Daniels,PG,19,NOP,5,0,47,7,12,.583,3,5,.600,4,7,.571,.708,4,6,.667,3,8,11,6,3,2,3,4,21,daniedy01
316,Charles Bassey,C,22,SAS,4,0,62,10,16,.625,2,5,.400,8,11,.727,.688,5,6,.833,8,24,32,7,3,8,4,12,27,bassech01
317,Jae'Sean Tate,SF,27,HOU,3,2,68,10,20,.500,2,5,.400,8,15,.533,.550,3,4,.750,8,5,13,10,3,0,5,15,25,tateja01
318,Admiral Schofield,PF,25,ORL,5,0,32,3,6,.500,2,5,.400,1,1,1.000,.667,0,0,,0,5,5,0,0,0,0,5,8,schofad01
319,Justin Jackson,SF,27,BOS,3,0,15,2,6,.333,2,5,.400,0,1,.000,.500,0,0,,0,1,1,1,0,0,0,2,6,jacksju01
320,Wenyen Gabriel,PF,25,LAL,11,2,149,22,35,.629,1,5,.200,21,30,.700,.643,7,10,.700,7,21,28,8,8,6,8,23,52,gabriwe01
321,Jabari Walker,SF,20,POR,8,0,72,9,17,.529,1,5,.200,8,12,.667,.559,4,6,.667,5,15,20,8,1,1,2,6,23,walkeja01
322,Alec Burks,SG,31,DET,1,0,25,5,12,.417,1,5,.200,4,7,.571,.458,6,8,.750,0,2,2,1,0,0,0,3,17,burksal01
323,James Johnson,PF,35,IND,3,0,44,5,12,.417,1,5,.200,4,7,.571,.458,0,0,,0,7,7,4,1,2,0,10,11,johnsja01
324,Austin Rivers,SG,30,MIN,7,0,44,2,9,.222,1,5,.200,1,4,.250,.278,4,4,1.000,0,4,4,2,0,1,1,1,9,riverau01
325,Sandro Mamukelashvili,C,23,MIL,4,0,23,2,9,.222,1,5,.200,1,4,.250,.278,0,0,,2,5,7,0,0,0,1,1,5,mamuksa01
326,Brandon Clarke,PF,26,MEM,14,1,253,54,85,.635,0,5,.000,54,80,.675,.635,27,37,.730,13,41,54,19,4,12,17,36,135,clarkbr01
327,Vince Williams Jr.,SG,22,MEM,3,0,18,1,6,.167,0,5,.000,1,1,1.000,.167,0,0,,1,2,3,2,2,1,0,4,2,willivi01
328,Vit Krejci,PG,22,ATL,5,0,13,3,5,.600,2,4,.500,1,1,1.000,.800,0,0,,0,2,2,1,0,0,0,2,8,krejcvi01
329,Garrett Temple,SG,36,NOP,2,0,21,2,4,.500,2,4,.500,0,0,,.750,0,0,,0,1,1,1,1,0,0,2,6,templga01
330,Xavier Tillman Sr.,PF,24,MEM,8,0,91,12,23,.522,1,4,.250,11,19,.579,.543,3,9,.333,11,12,23,6,0,2,7,8,28,tillmxa01
331,Amir Coffey,SG,25,LAC,11,0,88,6,17,.353,1,4,.250,5,13,.385,.382,13,16,.813,2,6,8,5,3,1,2,6,26,coffeam01
332,Taj Gibson,PF,37,WAS,6,0,27,5,11,.455,1,4,.250,4,7,.571,.500,4,4,1.000,2,4,6,3,1,0,1,3,15,gibsota01
333,Nikola Jović,PF,19,MIA,4,0,24,4,8,.500,1,4,.250,3,4,.750,.563,0,0,,1,1,2,1,2,0,2,5,9,jovicni01
334,Rodney McGruder,SG,31,DET,5,0,21,1,7,.143,1,4,.250,0,3,.000,.214,2,2,1.000,2,2,4,1,0,0,0,1,5,mcgruro01
335,Jordan Hall,SF,21,SAS,3,0,27,1,5,.200,1,4,.250,0,1,.000,.300,0,0,,0,1,1,3,0,0,2,1,3,halljo02
336,KZ Okpala,PF,23,SAC,6,3,39,1,5,.200,1,4,.250,0,1,.000,.300,0,0,,2,4,6,2,0,0,0,4,3,okpalkz01
337,Bam Adebayo,C,25,MIA,13,13,454,95,178,.534,0,4,.000,95,174,.546,.534,47,55,.855,28,90,118,46,16,11,47,46,237,adebaba01
338,David Duke Jr.,SG,23,BRK,8,0,77,13,27,.481,0,4,.000,13,23,.565,.481,3,3,1.000,4,6,10,5,4,1,6,15,29,dukeda01
339,Trendon Watford,PF,22,POR,5,0,92,9,20,.450,0,4,.000,9,16,.563,.450,7,8,.875,3,13,16,13,6,0,7,13,25,watfotr01
340,Haywood Highsmith,SF,26,MIA,6,0,29,1,6,.167,0,4,.000,1,2,.500,.167,0,0,,0,4,4,0,3,0,3,1,2,highsha01
341,Svi Mykhailiuk,SF,25,NYK,3,0,6,3,3,1.000,3,3,1.000,0,0,,1.500,0,1,.000,0,2,2,0,0,0,1,0,9,mykhasv01
342,Blake Wesley,SG,19,SAS,2,0,23,6,9,.667,2,3,.667,4,6,.667,.778,2,4,.500,1,1,2,4,0,0,2,3,16,weslebl01
343,Brandon Boston Jr.,SG,21,LAC,5,0,16,5,10,.500,2,3,.667,3,7,.429,.600,1,2,.500,1,1,2,0,0,0,0,1,13,bostobr01
344,Matthew Dellavedova,PG,32,SAC,3,0,29,3,7,.429,2,3,.667,1,4,.250,.571,0,0,,1,1,2,4,1,0,2,5,8,dellama01
345,Vlatko Čančar,PF,25,DEN,6,0,16,2,4,.500,2,3,.667,0,1,.000,.750,0,0,,0,2,2,0,0,0,1,1,6,cancavl01
346,Luke Kornet,C,27,BOS,9,0,112,11,21,.524,1,3,.333,10,18,.556,.548,7,8,.875,13,16,29,12,2,7,6,13,30,kornelu01
347,Bryce McGowens,SG,20,CHO,5,0,30,5,9,.556,1,3,.333,4,6,.667,.611,5,5,1.000,0,2,2,1,2,1,1,1,16,mcgowbr01
348,Furkan Korkmaz,SG,25,PHI,5,0,28,4,8,.500,1,3,.333,3,5,.600,.563,5,6,.833,1,3,4,3,0,0,2,2,14,korkmfu01
349,Kai Jones,C,22,CHO,6,0,26,4,7,.571,1,3,.333,3,4,.750,.643,2,4,.500,0,1,1,2,1,5,0,2,11,joneska01
350,Dalen Terry,SG,20,CHI,8,0,28,3,10,.300,1,3,.333,2,7,.286,.350,2,2,1.000,0,2,2,4,1,2,4,2,9,terryda01
351,Facundo Campazzo,PG,31,DAL,3,0,16,1,4,.250,1,3,.333,0,1,.000,.375,0,0,,0,0,0,3,3,0,0,1,3,campafa01
352,Kessler Edwards,SF,22,BRK,6,0,16,1,5,.200,1,3,.333,0,2,.000,.300,0,0,,0,2,2,2,1,0,0,0,3,edwarke02
353,Christian Koloko,C,22,TOR,14,8,239,20,49,.408,0,3,.000,20,46,.435,.408,12,20,.600,20,28,48,7,4,17,10,42,52,kolokch01
354,Zeke Nnaji,PF,22,DEN,8,0,31,7,13,.538,0,3,.000,7,10,.700,.538,2,2,1.000,4,3,7,0,2,0,2,9,16,nnajize01
355,Frank Ntilikina,PG,24,DAL,1,0,4,0,3,.000,0,3,.000,0,0,,.000,0,0,,0,2,2,1,0,0,0,0,0,ntilila01
356,Noah Vonleh,C,27,BOS,11,1,125,10,19,.526,1,2,.500,9,17,.529,.553,2,2,1.000,16,20,36,4,2,6,8,25,23,vonleno01
357,Tyrese Martin,SG,23,ATL,5,0,15,3,5,.600,1,2,.500,2,3,.667,.700,0,0,,1,0,1,0,1,0,0,1,7,martity01
358,Ryan Rollins,PG,20,GSW,4,0,13,2,5,.400,1,2,.500,1,3,.333,.500,2,2,1.000,0,1,1,1,0,0,5,4,7,rolliry01
359,Jarrett Allen,C,24,CLE,12,12,390,69,124,.556,0,2,.000,69,122,.566,.556,30,39,.769,42,96,138,14,5,15,17,27,168,allenja01
360,Rudy Gobert,C,30,MIN,12,12,388,61,99,.616,0,2,.000,61,97,.629,.616,46,67,.687,50,105,155,12,7,19,20,34,168,goberru01
361,Andre Drummond,C,29,CHI,8,0,134,29,53,.547,0,2,.000,29,51,.569,.547,11,15,.733,26,51,77,7,7,3,14,21,69,drumman01
362,T.J. McConnell,PG,30,IND,11,0,175,20,53,.377,0,2,.000,20,51,.392,.377,2,3,.667,6,19,25,36,13,3,18,13,42,mccontj01
363,Lamar Stevens,PF,25,CLE,4,1,53,7,15,.467,0,2,.000,7,13,.538,.467,7,8,.875,2,5,7,1,0,1,1,6,21,stevela01
364,Willy Hernangómez,C,28,NOP,3,0,26,5,11,.455,0,2,.000,5,9,.556,.455,2,2,1.000,4,8,12,1,1,0,5,3,12,hernawi01
365,Paul Reed,C,23,PHI,11,0,79,3,13,.231,0,2,.000,3,11,.273,.231,0,0,,5,13,18,1,11,5,3,20,6,reedpa01
366,Leandro Bolmaro,SG,22,UTA,3,0,21,2,7,.286,0,2,.000,2,5,.400,.286,0,0,,1,0,1,2,2,1,2,4,4,bolmale01
367,Dominick Barlow,SF,19,SAS,1,0,10,1,3,.333,0,2,.000,1,1,1.000,.333,0,0,,0,1,1,3,0,0,0,2,2,barlodo01
368,Mamadi Diakite,PF,26,CLE,3,0,8,1,3,.333,0,2,.000,1,1,1.000,.333,0,0,,0,2,2,0,1,0,0,2,2,diakima01
369,Jaxson Hayes,C,22,NOP,5,0,37,1,5,.200,0,2,.000,1,3,.333,.200,0,2,.000,1,4,5,3,1,1,1,5,2,hayesja02
370,Dru Smith,SG,25,MIA,1,0,6,1,3,.333,0,2,.000,1,1,1.000,.333,0,0,,0,1,1,0,1,0,0,1,2,smithdr01
371,Isaiah Todd,PF,21,WAS,3,0,9,1,3,.333,0,2,.000,1,1,1.000,.333,0,0,,0,0,0,0,0,0,0,0,2,toddis01
372,Jaden Hardy,SG,20,DAL,3,0,10,0,5,.000,0,2,.000,0,3,.000,.000,0,0,,0,2,2,1,0,0,2,2,0,hardyja02
373,Miles McBride,PG,22,NYK,4,0,10,0,2,.000,0,2,.000,0,0,,.000,0,2,.000,0,0,0,2,0,0,0,1,0,mcbrimi01
374,DeAndre Jordan,C,34,DEN,11,0,148,25,31,.806,1,1,1.000,24,30,.800,.823,9,17,.529,15,39,54,8,1,7,15,16,60,jordade01
375,Khem Birch,C,30,TOR,4,0,34,3,5,.600,1,1,1.000,2,4,.500,.700,2,2,1.000,3,2,5,1,3,1,1,8,9,birchkh01
376,Tyler Dorsey,SG,26,DAL,1,0,4,4,4,1.000,1,1,1.000,3,3,1.000,1.125,0,0,,1,1,2,0,0,0,0,0,9,dorsety01
377,Jamal Cain,SF,23,MIA,1,0,2,1,1,1.000,1,1,1.000,0,0,,1.500,0,0,,0,0,0,0,1,0,0,0,3,cainja01
378,Trevor Hudgins,PG,23,HOU,1,0,4,1,1,1.000,1,1,1.000,0,0,,1.500,0,0,,0,0,0,0,0,0,0,0,3,hudgitr01
379,Isaiah Mobley,PF,23,CLE,1,0,4,1,1,1.000,1,1,1.000,0,0,,1.500,0,0,,0,1,1,0,0,0,0,1,3,mobleis01
380,Jordan Schakel,SF,24,WAS,2,0,6,1,2,.500,1,1,1.000,0,1,.000,.750,0,0,,0,0,0,1,1,0,0,1,3,schakjo01
381,Nic Claxton,C,23,BRK,14,14,384,76,105,.724,0,1,.000,76,104,.731,.724,15,40,.375,41,86,127,17,11,29,21,38,167,claxtni01
382,Ivica Zubac,C,25,LAC,13,13,398,56,92,.609,0,1,.000,56,91,.615,.609,26,43,.605,36,109,145,17,8,29,29,36,138,zubaciv01
383,Isaiah Jackson,PF,21,IND,12,3,221,40,65,.615,0,1,.000,40,64,.625,.615,23,33,.697,20,45,65,14,6,15,15,32,103,jacksis01
384,Onyeka Okongwu,C,22,ATL,12,0,239,45,67,.672,0,1,.000,45,66,.682,.672,10,15,.667,23,45,68,12,7,10,8,38,100,okongon01
385,Jalen Duren,C,19,DET,11,0,235,31,56,.554,0,1,.000,31,55,.564,.554,10,26,.385,32,49,81,4,4,14,12,21,72,durenja01
386,Dwight Powell,C,31,DAL,9,5,166,23,36,.639,0,1,.000,23,35,.657,.639,11,14,.786,15,19,34,2,6,4,6,20,57,poweldw01
387,Ben Simmons,PG,26,BRK,9,6,245,20,45,.444,0,1,.000,20,44,.455,.444,7,15,.467,10,46,56,53,10,5,20,37,47,simmobe01
388,Damian Jones,C,27,LAL,9,1,75,10,21,.476,0,1,.000,10,20,.500,.476,7,10,.700,9,15,24,3,1,4,5,10,27,jonesda03
389,Day'Ron Sharpe,C,21,BRK,10,0,89,9,21,.429,0,1,.000,9,20,.450,.429,6,10,.600,10,22,32,6,3,5,8,21,24,sharpda01
390,Frank Kaminsky,C,29,ATL,5,0,28,3,5,.600,0,1,.000,3,4,.750,.600,4,4,1.000,0,6,6,3,0,0,1,7,10,kaminfr01
391,Kenneth Lofton Jr.,PF,20,MEM,3,0,14,4,9,.444,0,1,.000,4,8,.500,.444,1,3,.333,1,1,2,1,0,0,0,3,9,loftoke01
392,Johnny Davis,SG,20,WAS,5,0,30,2,7,.286,0,1,.000,2,6,.333,.286,2,2,1.000,1,3,4,2,0,0,1,8,6,davisjo06
393,Jaylin Williams,PF,20,OKC,2,0,13,3,7,.429,0,1,.000,3,6,.500,.429,0,1,.000,4,3,7,2,1,0,0,2,6,willija07
394,Marvin Bagley III,PF,23,DET,1,0,17,2,5,.400,0,1,.000,2,4,.500,.400,0,0,,2,2,4,1,0,2,0,0,4,baglema01
395,Ish Smith,PG,34,DEN,5,0,23,2,8,.250,0,1,.000,2,7,.286,.250,0,0,,0,2,2,2,0,1,4,4,4,smithis01
396,Nathan Knight,PF,25,MIN,5,0,13,1,2,.500,0,1,.000,1,1,1.000,.500,1,1,1.000,0,5,5,0,2,0,1,2,3,knighna01
397,Tony Bradley,C,25,CHI,4,0,10,0,1,.000,0,1,.000,0,0,,.000,2,2,1.000,1,4,5,0,0,0,0,0,2,bradlto01
398,John Butler,C,20,POR,1,0,9,1,2,.500,0,1,.000,1,1,1.000,.500,0,0,,0,1,1,0,0,1,0,0,2,butlejo01
399,McKinley Wright IV,PG,24,DAL,1,0,5,1,4,.250,0,1,.000,1,3,.333,.250,0,0,,1,1,2,2,1,0,0,0,2,wrighmc01
400,Ryan Arcidiacono,PG,28,NYK,3,0,6,0,1,.000,0,1,.000,0,0,,.000,0,0,,0,2,2,1,1,0,0,1,0,arcidry01
401,Patrick Baldwin Jr.,SF,20,GSW,2,0,5,0,1,.000,0,1,.000,0,0,,.000,0,0,,0,0,0,0,0,0,0,0,0,baldwpa01
402,Ron Harper Jr.,SF,22,TOR,1,0,3,0,1,.000,0,1,.000,0,0,,.000,0,0,,0,0,0,0,0,0,0,0,0,harpero02
403,Trevor Keels,SG,19,NYK,1,0,1,0,1,.000,0,1,.000,0,0,,.000,0,0,,0,1,1,0,0,0,0,0,0,keelstr01
404,Wendell Moore Jr.,SG,21,MIN,1,0,2,0,1,.000,0,1,.000,0,0,,.000,0,0,,0,0,0,0,0,0,1,0,0,moorewe01
405,Jason Preston,PG,23,LAC,1,0,3,0,1,.000,0,1,.000,0,0,,.000,0,2,.000,0,0,0,0,0,0,0,0,0,prestja01
406,Marko Simonovic,C,23,CHI,1,0,2,0,1,.000,0,1,.000,0,0,,.000,0,0,,0,0,0,0,0,0,0,0,0,simonma01
407,Cole Swider,SF,23,LAL,1,0,2,0,1,.000,0,1,.000,0,0,,.000,0,0,,0,1,1,1,0,0,0,0,0,swideco01
408,Jakob Poeltl,C,27,SAS,13,13,380,72,112,.643,0,0,,72,112,.643,.643,20,43,.465,49,78,127,49,13,16,29,27,164,poeltja01
409,Nick Richards,C,25,CHO,14,0,271,53,83,.639,0,0,,53,83,.639,.639,35,48,.729,40,46,86,11,1,10,11,30,141,richani01
410,Clint Capela,C,28,ATL,13,13,353,63,108,.583,0,0,,63,108,.583,.583,14,24,.583,55,101,156,8,9,19,15,25,140,capelca01
411,Mason Plumlee,C,32,CHO,14,14,368,48,79,.608,0,0,,48,79,.608,.608,31,54,.574,40,83,123,59,6,7,26,46,127,plumlma01
412,Steven Adams,C,29,MEM,13,13,352,40,65,.615,0,0,,40,65,.615,.615,9,29,.310,68,80,148,35,10,16,30,37,89,adamsst01
413,Kevon Looney,C,26,GSW,13,13,319,38,61,.623,0,0,,38,61,.623,.623,9,14,.643,31,61,92,41,4,7,7,43,85,looneke01
414,Daniel Gafford,C,24,WAS,14,0,206,32,44,.727,0,0,,32,44,.727,.727,18,29,.621,20,35,55,8,5,15,17,23,82,gaffoda01
415,James Wiseman,C,21,GSW,10,0,138,29,48,.604,0,0,,29,48,.604,.604,15,23,.652,10,30,40,9,1,4,8,26,73,wisemja01
416,Drew Eubanks,C,25,POR,13,3,227,29,42,.690,0,0,,29,42,.690,.690,13,19,.684,17,32,49,11,5,9,10,27,71,eubandr01
417,Walker Kessler,C,21,UTA,12,0,176,28,42,.667,0,0,,28,42,.667,.667,9,18,.500,27,36,63,8,2,20,7,21,65,kesslwa01
418,Montrezl Harrell,C,29,PHI,12,1,131,18,32,.563,0,0,,18,32,.563,.563,16,23,.696,8,17,25,5,4,6,5,14,52,harremo01
419,Mitchell Robinson,C,24,NYK,9,8,174,23,33,.697,0,0,,23,33,.697,.697,6,14,.429,28,23,51,8,3,18,5,29,52,robinmi01
420,JaVale McGee,C,35,DAL,10,7,94,16,32,.500,0,0,,16,32,.500,.500,10,17,.588,11,19,30,2,3,5,11,10,42,mcgeeja01
421,Bismack Biyombo,C,30,PHO,10,2,125,15,27,.556,0,0,,15,27,.556,.556,6,9,.667,8,27,35,6,2,18,6,19,36,biyombi01
422,Richaun Holmes,PF,29,SAC,8,0,102,14,20,.700,0,0,,14,20,.700,.700,4,6,.667,8,15,23,0,2,1,5,15,32,holmeri01
423,Robin Lopez,C,34,CLE,8,0,75,13,18,.722,0,0,,13,18,.722,.722,4,6,.667,7,6,13,3,0,2,4,7,30,lopezro01
424,Jericho Sims,C,24,NYK,8,2,88,11,11,1.000,0,0,,11,11,1.000,1.000,1,2,.500,10,14,24,1,1,6,2,15,23,simsje01
425,Moses Brown,C,23,LAC,7,0,27,8,11,.727,0,0,,8,11,.727,.727,2,5,.400,3,7,10,0,0,3,0,4,18,brownmo01
426,Bruno Fernando,C,24,HOU,2,2,37,5,6,.833,0,0,,5,6,.833,.833,1,2,.500,5,8,13,9,1,2,1,3,11,fernabr01
427,Nerlens Noel,C,28,DET,4,0,54,4,12,.333,0,0,,4,12,.333,.333,3,4,.750,2,13,15,3,3,1,3,5,11,noelne01
428,Mark Williams,C,21,CHO,3,0,13,4,7,.571,0,0,,4,7,.571,.571,3,3,1.000,4,4,8,0,0,0,2,3,11,willima07
429,Udoka Azubuike,C,23,UTA,5,0,20,5,6,.833,0,0,,5,6,.833,.833,0,0,,2,7,9,1,2,2,2,1,10,azubuud01
430,Greg Brown III,PF,21,POR,4,0,22,5,7,.714,0,0,,5,7,.714,.714,0,5,.000,0,1,1,0,3,2,2,3,10,browngr01
431,Boban Marjanović,C,34,HOU,5,0,16,2,4,.500,0,0,,2,4,.500,.500,3,5,.600,1,5,6,1,1,0,2,1,7,marjabo01
432,Justin Champagnie,SF,21,TOR,2,0,9,3,3,1.000,0,0,,3,3,1.000,1.000,0,0,,1,2,3,0,0,0,0,1,6,champju01
433,Peyton Watson,SG,20,DEN,4,0,9,3,7,.429,0,0,,3,7,.429,.429,0,0,,2,1,3,0,0,0,0,1,6,watsope01
434,Jaden Springer,PG,20,PHI,2,0,4,2,3,.667,0,0,,2,3,.667,.667,1,2,.500,1,1,2,0,0,1,0,1,5,sprinja01
435,Jeff Dowtin,PG,25,TOR,2,0,8,2,4,.500,0,0,,2,4,.500,.500,0,0,,0,1,1,2,0,0,0,0,4,dowtije01
436,Braxton Key,SF,25,DET,2,0,7,1,1,1.000,0,0,,1,1,1.000,1.000,2,2,1.000,0,1,1,0,0,0,0,0,4,keybr01
437,Micah Potter,PF,24,UTA,2,0,12,2,2,1.000,0,0,,2,2,1.000,1.000,0,0,,1,2,3,1,0,0,0,2,4,pottemi01
438,Moussa Diabaté,PF,21,LAC,2,0,6,1,1,1.000,0,0,,1,1,1.000,1.000,1,1,1.000,0,2,2,1,1,0,0,0,3,diabamo01
439,Udonis Haslem,PF,42,MIA,2,0,10,1,3,.333,0,0,,1,3,.333,.333,1,2,.500,0,2,2,0,0,1,0,1,3,hasleud01
440,Scotty Pippen Jr.,PG,22,LAL,2,0,8,0,2,.000,0,0,,0,2,.000,.000,3,4,.750,1,1,2,0,0,0,1,2,3,pippesc02
441,Theo Pinson,SG,27,DAL,2,0,7,0,0,,0,0,,0,0,,,2,2,1.000,0,2,2,1,0,0,0,0,2,pinsoth01
442,Jarrett Culver,SG,23,ATL,1,0,3,0,1,.000,0,0,,0,1,.000,.000,1,2,.500,1,0,1,0,0,0,0,0,1,culveja01
443,Alex Len,C,29,SAC,3,0,8,0,1,.000,0,0,,0,1,.000,.000,1,2,.500,0,2,2,0,0,0,0,2,1,lenal01
444,Thanasis Antetokounmpo,SF,30,MIL,6,0,18,0,1,.000,0,0,,0,1,.000,.000,0,0,,1,4,5,1,0,1,1,2,0,antetth01
445,Buddy Boeheim,PG,23,DET,1,0,1,0,0,,0,0,,0,0,,,0,0,,0,0,0,0,0,0,0,0,0,boehebu01
446,Vernon Carey Jr.,C,21,WAS,2,0,2,0,0,,0,0,,0,0,,,0,0,,0,0,0,0,0,0,0,1,0,careyve01
447,JD Davison,PG,20,BOS,1,0,2,0,0,,0,0,,0,0,,,0,0,,0,1,1,1,0,0,0,0,0,davisjd01
448,Trent Forrest,PG,24,ATL,4,0,14,0,3,.000,0,0,,0,3,.000,.000,0,0,,0,2,2,3,0,0,0,1,0,forretr01
449,A.J. Green,SG,23,MIL,1,0,2,0,0,,0,0,,0,0,,,0,0,,0,0,0,1,0,0,0,0,0,greenaj01
450,Malcolm Hill,SF,27,CHI,3,0,1,0,0,,0,0,,0,0,,,0,0,,0,1,1,0,0,0,0,0,0,hillma01
451,Cody Martin,SF,27,CHO,1,0,1,0,0,,0,0,,0,0,,,0,0,,0,0,0,0,0,0,0,0,0,martico01
452,Chima Moneke,SF,27,SAC,1,0,6,0,1,.000,0,0,,0,1,.000,.000,0,2,.000,2,0,2,1,0,0,0,2,0,monekch01
453,Dereon Seabron,SG,22,NOP,2,0,3,0,0,,0,0,,0,0,,,0,0,,0,0,0,0,0,0,0,0,0,seabrde01
454,Jack White,SF,25,DEN,2,0,4,0,0,,0,0,,0,0,,,0,0,,0,1,1,0,1,0,0,0,0,whiteja03